2026-08-08 19:31:28,984 - INFO - Cycle complete. README updated.
2026-08-08 19:46:00,927 - INFO - Starting fetch cycle
2026-08-08 19:46:01,373 - INFO - [NIFTY50] ETF volume merged from NIFTYBEES.NS
2026-08-08 19:46:01,375 - INFO - [NIFTY50] yfinance fetched 1872 rows
2026-08-08 19:46:02,191 - INFO - [NIFTY50] Inserted 1872 candles
2026-08-08 19:46:04,198 - INFO - Cycle complete. README updated.
2026-08-08 20:01:33,372 - INFO - Starting fetch cycle
2026-08-08 20:01:34,067 - INFO - [NIFTY50] ETF volume merged from NIFTYBEES.NS
2026-08-08 20:01:34,069 - INFO - [NIFTY50] yfinance fetched 1875 rows
2026-08-08 20:01:34,871 - INFO - [NIFTY50] Inserted 1875 candles
2026-08-08 20:01:36,878 - INFO - Cycle complete. README updated.
2026-08-08 20:16:01,689 - INFO - Starting fetch cycle
2026-08-08 20:16:03,078 - INFO - [NIFTY50] ETF volume merged from NIFTYBEES.NS
2026-08-08 20:16:03,079 - INFO - [NIFTY50] yfinance fetched 1875 rows
2026-08-08 20:16:03,675 - INFO - [NIFTY50] Inserted 1875 candles
2026-08-08 20:16:05,682 - INFO - Cycle complete. README updated.
2026-08-08 20:31:19,291 - INFO - Starting fetch cycle
2026-08-08 20:31:19,831 - INFO - [NIFTY50] ETF volume merged from NIFTYBEES.NS
2026-08-08 20:31:19,833 - INFO - [NIFTY50] yfinance fetched 1875 rows
2026-08-08 20:31:20,441 - INFO - [NIFTY50] Inserted 1875 candles
2026-08-08 20:31:22,448 - INFO - Cycle complete. README updated.
2026-08-08 20:46:02,879 - INFO - Starting fetch cycle
2026-08-08 20:46:03,497 - INFO - [NIFTY50] ETF volume merged from NIFTYBEES.NS
2026-08-08 20:46:03,499 - INFO - [NIFTY50] yfinance fetched 1875 rows
2026-08-08 20:46:04,292 - INFO - [NIFTY50] Inserted 1875 candles
2026-08-08 20:46:06,300 - INFO - Cycle complete. README updated.
2026-08-08 21:01:31,112 - INFO - Starting fetch cycle
2026-08-08 21:01:32,378 - INFO - [NIFTY50] ETF volume merged from NIFTYBEES.NS
2026-08-08 21:01:32,379 - INFO - [NIFTY50] yfinance fetched 1872 rows
2026-08-08 21:01:32,969 - INFO - [NIFTY50] Inserted 1872 candles
2026-08-08 21:01:34,977 - INFO - Cycle complete. README updated.
2026-08-08 21:16:06,806 - INFO - Starting fetch cycle
2026-08-08 21:16:07,287 - INFO - [NIFTY50] ETF volume merged from NIFTYBEES.NS
2026-08-08 21:16:07,289 - INFO - [NIFTY50] yfinance fetched 1872 rows
2026-08-08 21:16:08,107 - INFO - [NIFTY50] Inserted 1872 candles
2026-08-08 21:16:10,115 - INFO - Cycle complete. README updated.
2026-08-08 21:31:14,126 - INFO - Starting fetch cycle
2026-08-08 21:31:14,772 - INFO - [NIFTY50] ETF volume merged from NIFTYBEES.NS
2026-08-08 21:31:14,773 - INFO - [NIFTY50] yfinance fetched 1875 rows
2026-08-08 21:31:15,572 - INFO - [NIFTY50] Inserted 1875 candles
2026-08-08 21:31:17,580 - INFO - Cycle complete. README updated.
2026-08-08 21:45:58,133 - INFO - Starting fetch cycle
2026-08-08 21:45:58,710 - INFO - [NIFTY50] ETF volume merged from NIFTYBEES.NS
2026-08-08 21:45:58,712 - INFO - [NIFTY50] yfinance fetched 1875 rows
2026-08-08 21:45:59,318 - INFO - [NIFTY50] Inserted 1875 candles
2026-08-08 21:46:01,325 - INFO - Cycle complete. README updated.
2026-08-08 22:01:30,620 - INFO - Starting fetch cycle
2026-08-08 22:01:31,571 - INFO - [NIFTY50] ETF volume merged from NIFTYBEES.NS
2026-08-08 22:01:31,573 - INFO - [NIFTY50] yfinance fetched 1875 rows
2026-08-08 22:01:32,163 - INFO - [NIFTY50] Inserted 1875 candles
2026-08-08 22:01:34,171 - INFO - Cycle complete. README updated.
2026-08-08 22:15:58,137 - INFO - Starting fetch cycle
2026-08-08 22:15:58,647 - INFO - [NIFTY50] ETF volume merged from NIFTYBEES.NS
2026-08-08 22:15:58,649 - INFO - [NIFTY50] yfinance fetched 1872 rows
2026-08-08 22:15:59,462 - INFO - [NIFTY50] Inserted 1872 candles
2026-08-08 22:16:01,470 - INFO - Cycle complete. README updated.
2026-08-08 22:31:17,354 - INFO - Starting fetch cycle
2026-08-08 22:31:17,872 - INFO - [NIFTY50] ETF volume merged from NIFTYBEES.NS
2026-08-08 22:31:17,873 - INFO - [NIFTY50] yfinance fetched 1875 rows
2026-08-08 22:31:18,460 - INFO - [NIFTY50] Inserted 1875 candles
2026-08-08 22:31:20,467 - INFO - Cycle complete. README updated.
2026-08-08 22:45:59,364 - INFO - Starting fetch cycle
2026-08-08 22:46:00,465 - INFO - [NIFTY50] ETF volume merged from NIFTYBEES.NS
2026-08-08 22:46:00,466 - INFO - [NIFTY50] yfinance fetched 1875 rows
2026-08-08 22:46:01,053 - INFO - [NIFTY50] Inserted 1875 candles
2026-08-08 22:46:03,060 - INFO - Cycle complete. README updated.
2026-08-08 23:01:26,794 - INFO - Starting fetch cycle
2026-08-08 23:01:27,368 - INFO - [NIFTY50] ETF volume merged from NIFTYBEES.NS
2026-08-08 23:01:27,370 - INFO - [NIFTY50] yfinance fetched 1875 rows
2026-08-08 23:01:27,960 - INFO - [NIFTY50] Inserted 1875 candles
2026-08-08 23:01:29,968 - INFO - Cycle complete. README updated.
2026-08-08 23:15:59,381 - INFO - Starting fetch cycle
2026-08-08 23:16:00,148 - INFO - [NIFTY50] ETF volume merged from NIFTYBEES.NS
2026-08-08 23:16:00,150 - INFO - [NIFTY50] yfinance fetched 1872 rows
2026-08-08 23:16:00,953 - INFO - [NIFTY50] Inserted 1872 candles
2026-08-08 23:16:02,961 - INFO - Cycle complete. README updated.
2026-08-08 23:31:14,506 - INFO - Starting fetch cycle
2026-08-08 23:31:15,355 - INFO - [NIFTY50] ETF volume merged from NIFTYBEES.NS
2026-08-08 23:31:15,356 - INFO - [NIFTY50] yfinance fetched 1872 rows
2026-08-08 23:31:15,930 - INFO - [NIFTY50] Inserted 1872 candles
2026-08-08 23:31:17,936 - INFO - Cycle complete. README updated.
2026-08-08 23:45:59,764 - INFO - Starting fetch cycle
2026-08-08 23:46:00,281 - INFO - [NIFTY50] ETF volume merged from NIFTYBEES.NS
2026-08-08 23:46:00,283 - INFO - [NIFTY50] yfinance fetched 1875 rows
2026-08-08 23:46:01,110 - INFO - [NIFTY50] Inserted 1875 candles
2026-08-08 23:46:03,118 - INFO - Cycle complete. README updated.
2026-08-09 00:01:56,236 - INFO - Starting fetch cycle
2026-08-09 00:01:56,883 - INFO - [NIFTY50] ETF volume merged from NIFTYBEES.NS
2026-08-09 00:01:56,884 - INFO - [NIFTY50] yfinance fetched 1872 rows
2026-08-09 00:01:57,673 - INFO - [NIFTY50] Inserted 1872 candles
2026-08-09 00:01:59,681 - INFO - Cycle complete. README updated.
2026-08-09 00:15:56,312 - INFO - Starting fetch cycle
2026-08-09 00:15:56,988 - INFO - [NIFTY50] ETF volume merged from NIFTYBEES.NS
2026-08-09 00:15:56,989 - INFO - [NIFTY50] yfinance fetched 1872 rows
2026-08-09 00:15:57,782 - INFO - [NIFTY50] Inserted 1872 candles
2026-08-09 00:15:59,790 - INFO - Cycle complete. README updated.
2026-08-09 00:31:17,378 - INFO - Starting fetch cycle
2026-08-09 00:31:18,193 - INFO - [NIFTY50] ETF volume merged from NIFTYBEES.NS
2026-08-09 00:31:18,194 - INFO - [NIFTY50] yfinance fetched 1875 rows
2026-08-09 00:31:18,794 - INFO - [NIFTY50] Inserted 1875 candles
2026-08-09 00:31:20,802 - INFO - Cycle complete. README updated.
2026-08-09 00:45:56,637 - INFO - Starting fetch cycle
2026-08-09 00:45:57,662 - INFO - [NIFTY50] ETF volume merged from NIFTYBEES.NS
2026-08-09 00:45:57,663 - INFO - [NIFTY50] yfinance fetched 1872 rows
2026-08-09 00:45:58,250 - INFO - [NIFTY50] Inserted 1872 candles
2026-08-09 00:46:00,270 - INFO - Cycle complete. README updated.
2026-08-09 01:01:27,149 - INFO - Starting fetch cycle
2026-08-09 01:01:31,899 - INFO - [NIFTY50] ETF volume merged from NIFTYBEES.NS
2026-08-09 01:01:31,900 - INFO - [NIFTY50] yfinance fetched 1875 rows
2026-08-09 01:01:32,495 - INFO - [NIFTY50] Inserted 1875 candles
2026-08-09 01:01:34,503 - INFO - Cycle complete. README updated.
2026-08-09 01:15:58,326 - INFO - Starting fetch cycle
2026-08-09 01:15:58,850 - INFO - [NIFTY50] ETF volume merged from NIFTYBEES.NS
2026-08-09 01:15:58,851 - INFO - [NIFTY50] yfinance fetched 1875 rows
2026-08-09 01:15:59,652 - INFO - [NIFTY50] Inserted 1875 candles
2026-08-09 01:16:01,660 - INFO - Cycle complete. README updated.
2026-08-09 01:31:15,150 - INFO - Starting fetch cycle
2026-08-09 01:31:15,692 - INFO - [NIFTY50] ETF volume merged from NIFTYBEES.NS
2026-08-09 01:31:15,693 - INFO - [NIFTY50] yfinance fetched 1875 rows
2026-08-09 01:31:16,483 - INFO - [NIFTY50] Inserted 1875 candles
2026-08-09 01:31:18,490 - INFO - Cycle complete. README updated.
2026-08-09 01:46:01,998 - INFO - Starting fetch cycle
2026-08-09 01:46:03,211 - INFO - [NIFTY50] ETF volume merged from NIFTYBEES.NS
2026-08-09 01:46:03,213 - INFO - [NIFTY50] yfinance fetched 1875 rows
2026-08-09 01:46:03,797 - INFO - [NIFTY50] Inserted 1875 candles
2026-08-09 01:46:05,805 - INFO - Cycle complete. README updated.
2026-08-09 02:01:35,867 - INFO - Starting fetch cycle
2026-08-09 02:01:36,430 - INFO - [NIFTY50] ETF volume merged from NIFTYBEES.NS
2026-08-09 02:01:36,431 - INFO - [NIFTY50] yfinance fetched 1872 rows
2026-08-09 02:01:37,232 - INFO - [NIFTY50] Inserted 1872 candles
2026-08-09 02:01:39,241 - INFO - Cycle complete. README updated.
2026-08-09 02:16:00,930 - INFO - Starting fetch cycle
2026-08-09 02:16:01,487 - INFO - [NIFTY50] ETF volume merged from NIFTYBEES.NS
2026-08-09 02:16:01,489 - INFO - [NIFTY50] yfinance fetched 1872 rows
2026-08-09 02:16:02,278 - INFO - [NIFTY50] Inserted 1872 candles
2026-08-09 02:16:04,286 - INFO - Cycle complete. README updated.
2026-08-09 02:31:15,331 - INFO - Starting fetch cycle
2026-08-09 02:31:15,920 - INFO - [NIFTY50] ETF volume merged from NIFTYBEES.NS
2026-08-09 02:31:15,921 - INFO - [NIFTY50] yfinance fetched 1875 rows
2026-08-09 02:31:16,525 - INFO - [NIFTY50] Inserted 1875 candles
2026-08-09 02:31:18,533 - INFO - Cycle complete. README updated.
2026-08-09 02:45:59,570 - INFO - Starting fetch cycle
2026-08-09 02:46:00,790 - INFO - [NIFTY50] ETF volume merged from NIFTYBEES.NS
2026-08-09 02:46:00,792 - INFO - [NIFTY50] yfinance fetched 1875 rows
2026-08-09 02:46:01,383 - INFO - [NIFTY50] Inserted 1875 candles
2026-08-09 02:46:03,390 - INFO - Cycle complete. README updated.
2026-08-09 03:01:29,966 - INFO - Starting fetch cycle
2026-08-09 03:01:30,997 - INFO - [NIFTY50] ETF volume merged from NIFTYBEES.NS
2026-08-09 03:01:30,998 - INFO - [NIFTY50] yfinance fetched 1872 rows
2026-08-09 03:01:31,811 - INFO - [NIFTY50] Inserted 1872 candles
2026-08-09 03:01:33,819 - INFO - Cycle complete. README updated.
2026-08-09 03:16:01,902 - INFO - Starting fetch cycle
2026-08-09 03:16:02,341 - INFO - [NIFTY50] ETF volume merged from NIFTYBEES.NS
2026-08-09 03:16:02,343 - INFO - [NIFTY50] yfinance fetched 1872 rows
2026-08-09 03:16:03,150 - INFO - [NIFTY50] Inserted 1872 candles
2026-08-09 03:16:05,158 - INFO - Cycle complete. README updated.
2026-08-09 03:31:18,432 - INFO - Starting fetch cycle
2026-08-09 03:31:18,899 - INFO - [NIFTY50] ETF volume merged from NIFTYBEES.NS
2026-08-09 03:31:18,900 - INFO - [NIFTY50] yfinance fetched 1872 rows
2026-08-09 03:31:19,693 - INFO - [NIFTY50] Inserted 1872 candles
2026-08-09 03:31:21,701 - INFO - Cycle complete. README updated.
2026-08-09 03:45:57,448 - INFO - Starting fetch cycle
2026-08-09 03:45:58,452 - INFO - [NIFTY50] ETF volume merged from NIFTYBEES.NS
2026-08-09 03:45:58,453 - INFO - [NIFTY50] yfinance fetched 1872 rows
2026-08-09 03:45:58,922 - INFO - [NIFTY50] Inserted 1872 candles
2026-08-09 03:46:00,928 - INFO - Cycle complete. README updated.
2026-08-09 04:01:31,986 - INFO - Starting fetch cycle
2026-08-09 04:01:32,480 - INFO - [NIFTY50] ETF volume merged from NIFTYBEES.NS
2026-08-09 04:01:32,481 - INFO - [NIFTY50] yfinance fetched 1875 rows
2026-08-09 04:01:33,268 - INFO - [NIFTY50] Inserted 1875 candles
2026-08-09 04:01:35,276 - INFO - Cycle complete. README updated.
2026-08-09 04:16:18,133 - INFO - Starting fetch cycle
2026-08-09 04:16:19,080 - INFO - [NIFTY50] ETF volume merged from NIFTYBEES.NS
2026-08-09 04:16:19,081 - INFO - [NIFTY50] yfinance fetched 1872 rows
2026-08-09 04:16:19,796 - INFO - [NIFTY50] Inserted 1872 candles
2026-08-09 04:16:21,804 - INFO - Cycle complete. README updated.
2026-08-09 04:31:12,013 - INFO - Starting fetch cycle
2026-08-09 04:31:12,493 - INFO - [NIFTY50] ETF volume merged from NIFTYBEES.NS
2026-08-09 04:31:12,495 - INFO - [NIFTY50] yfinance fetched 1875 rows
2026-08-09 04:31:13,085 - INFO - [NIFTY50] Inserted 1875 candles
2026-08-09 04:31:15,092 - INFO - Cycle complete. README updated.
2026-08-09 04:46:06,546 - INFO - Starting fetch cycle
2026-08-09 04:46:07,207 - INFO - [NIFTY50] ETF volume merged from NIFTYBEES.NS
2026-08-09 04:46:07,208 - INFO - [NIFTY50] yfinance fetched 1872 rows
2026-08-09 04:46:08,032 - INFO - [NIFTY50] Inserted 1872 candles
2026-08-09 04:46:10,040 - INFO - Cycle complete. README updated.
2026-08-09 05:01:31,556 - INFO - Starting fetch cycle
2026-08-09 05:01:32,751 - INFO - [NIFTY50] ETF volume merged from NIFTYBEES.NS
2026-08-09 05:01:32,753 - INFO - [NIFTY50] yfinance fetched 1872 rows
2026-08-09 05:01:33,445 - INFO - [NIFTY50] Inserted 1872 candles
2026-08-09 05:01:35,453 - INFO - Cycle complete. README updated.
2026-08-09 05:16:00,587 - INFO - Starting fetch cycle
2026-08-09 05:16:02,740 - INFO - [NIFTY50] ETF volume merged from NIFTYBEES.NS
2026-08-09 05:16:02,741 - INFO - [NIFTY50] yfinance fetched 1872 rows
2026-08-09 05:16:03,551 - INFO - [NIFTY50] Inserted 1872 candles
2026-08-09 05:16:05,557 - INFO - Cycle complete. README updated.
2026-08-09 05:31:15,416 - INFO - Starting fetch cycle
2026-08-09 05:31:15,905 - INFO - [NIFTY50] ETF volume merged from NIFTYBEES.NS
2026-08-09 05:31:15,907 - INFO - [NIFTY50] yfinance fetched 1875 rows
2026-08-09 05:31:16,754 - INFO - [NIFTY50] Inserted 1875 candles
2026-08-09 05:31:18,762 - INFO - Cycle complete. README updated.
2026-08-09 05:46:07,836 - INFO - Starting fetch cycle
2026-08-09 05:46:08,469 - INFO - [NIFTY50] ETF volume merged from NIFTYBEES.NS
2026-08-09 05:46:08,471 - INFO - [NIFTY50] yfinance fetched 1872 rows
2026-08-09 05:46:09,277 - INFO - [NIFTY50] Inserted 1872 candles
2026-08-09 05:46:11,285 - INFO - Cycle complete. README updated.
2026-08-09 06:01:49,550 - INFO - Starting fetch cycle
2026-08-09 06:01:50,078 - INFO - [NIFTY50] ETF volume merged from NIFTYBEES.NS
2026-08-09 06:01:50,080 - INFO - [NIFTY50] yfinance fetched 1875 rows
2026-08-09 06:01:50,704 - INFO - [NIFTY50] Inserted 1875 candles
2026-08-09 06:01:52,711 - INFO - Cycle complete. README updated.
2026-08-09 06:15:59,473 - INFO - Starting fetch cycle
2026-08-09 06:16:00,337 - INFO - [NIFTY50] ETF volume merged from NIFTYBEES.NS
2026-08-09 06:16:00,338 - INFO - [NIFTY50] yfinance fetched 1872 rows
2026-08-09 06:16:01,131 - INFO - [NIFTY50] Inserted 1872 candles
2026-08-09 06:16:03,140 - INFO - Cycle complete. README updated.
2026-08-09 06:31:24,104 - INFO - Starting fetch cycle
2026-08-09 06:31:25,168 - INFO - [NIFTY50] ETF volume merged from NIFTYBEES.NS
2026-08-09 06:31:25,169 - INFO - [NIFTY50] yfinance fetched 1875 rows
2026-08-09 06:31:25,969 - INFO - [NIFTY50] Inserted 1875 candles
2026-08-09 06:31:27,977 - INFO - Cycle complete. README updated.
2026-08-09 06:46:02,252 - INFO - Starting fetch cycle
2026-08-09 06:46:03,058 - INFO - [NIFTY50] ETF volume merged from NIFTYBEES.NS
2026-08-09 06:46:03,059 - INFO - [NIFTY50] yfinance fetched 1872 rows
2026-08-09 06:46:03,538 - INFO - [NIFTY50] Inserted 1872 candles
2026-08-09 06:46:05,543 - INFO - Cycle complete. README updated.
2026-08-09 07:01:39,470 - INFO - Starting fetch cycle
2026-08-09 07:01:39,913 - INFO - [NIFTY50] ETF volume merged from NIFTYBEES.NS
2026-08-09 07:01:39,914 - INFO - [NIFTY50] yfinance fetched 1872 rows
2026-08-09 07:01:40,707 - INFO - [NIFTY50] Inserted 1872 candles
2026-08-09 07:01:42,714 - INFO - Cycle complete. README updated.
2026-08-09 07:16:02,855 - INFO - Starting fetch cycle
2026-08-09 07:16:03,923 - INFO - [NIFTY50] ETF volume merged from NIFTYBEES.NS
2026-08-09 07:16:03,924 - INFO - [NIFTY50] yfinance fetched 1872 rows
2026-08-09 07:16:04,711 - INFO - [NIFTY50] Inserted 1872 candles
2026-08-09 07:16:06,718 - INFO - Cycle complete. README updated.
2026-08-09 07:31:15,952 - INFO - Starting fetch cycle
2026-08-09 07:31:16,506 - INFO - [NIFTY50] ETF volume merged from NIFTYBEES.NS
2026-08-09 07:31:16,507 - INFO - [NIFTY50] yfinance fetched 1875 rows
2026-08-09 07:31:17,091 - INFO - [NIFTY50] Inserted 1875 candles
2026-08-09 07:31:19,098 - INFO - Cycle complete. README updated.
2026-08-09 07:45:58,798 - INFO - Starting fetch cycle
2026-08-09 07:45:59,318 - INFO - [NIFTY50] ETF volume merged from NIFTYBEES.NS
2026-08-09 07:45:59,320 - INFO - [NIFTY50] yfinance fetched 1872 rows
2026-08-09 07:46:00,121 - INFO - [NIFTY50] Inserted 1872 candles
2026-08-09 07:46:02,129 - INFO - Cycle complete. README updated.
2026-08-09 08:01:36,799 - INFO - Starting fetch cycle
2026-08-09 08:01:39,754 - INFO - [NIFTY50] ETF volume merged from NIFTYBEES.NS
2026-08-09 08:01:39,756 - INFO - [NIFTY50] yfinance fetched 1875 rows
2026-08-09 08:01:40,370 - INFO - [NIFTY50] Inserted 1875 candles
2026-08-09 08:01:42,376 - INFO - Cycle complete. README updated.
2026-08-09 08:15:59,129 - INFO - Starting fetch cycle
2026-08-09 08:15:59,717 - INFO - [NIFTY50] ETF volume merged from NIFTYBEES.NS
2026-08-09 08:15:59,718 - INFO - [NIFTY50] yfinance fetched 1872 rows
2026-08-09 08:16:00,502 - INFO - [NIFTY50] Inserted 1872 candles
2026-08-09 08:16:02,510 - INFO - Cycle complete. README updated.
2026-08-09 08:31:28,449 - INFO - Starting fetch cycle
2026-08-09 08:31:28,929 - INFO - [NIFTY50] ETF volume merged from NIFTYBEES.NS
2026-08-09 08:31:28,931 - INFO - [NIFTY50] yfinance fetched 1872 rows
2026-08-09 08:31:29,743 - INFO - [NIFTY50] Inserted 1872 candles
2026-08-09 08:31:31,751 - INFO - Cycle complete. README updated.
2026-08-09 08:46:03,875 - INFO - Starting fetch cycle
2026-08-09 08:46:04,547 - INFO - [NIFTY50] ETF volume merged from NIFTYBEES.NS
2026-08-09 08:46:04,549 - INFO - [NIFTY50] yfinance fetched 1872 rows
2026-08-09 08:46:05,380 - INFO - [NIFTY50] Inserted 1872 candles
2026-08-09 08:46:07,388 - INFO - Cycle complete. README updated.
2026-08-09 09:01:35,039 - INFO - Starting fetch cycle
2026-08-09 09:01:36,210 - INFO - [NIFTY50] ETF volume merged from NIFTYBEES.NS
2026-08-09 09:01:36,211 - INFO - [NIFTY50] yfinance fetched 1875 rows
2026-08-09 09:01:36,821 - INFO - [NIFTY50] Inserted 1875 candles
2026-08-09 09:01:38,828 - INFO - Cycle complete. README updated.
2026-08-09 09:16:02,041 - INFO - Starting fetch cycle
2026-08-09 09:16:02,530 - INFO - [NIFTY50] ETF volume merged from NIFTYBEES.NS
2026-08-09 09:16:02,531 - INFO - [NIFTY50] yfinance fetched 1875 rows
2026-08-09 09:16:03,136 - INFO - [NIFTY50] Inserted 1875 candles
2026-08-09 09:16:05,143 - INFO - Cycle complete. README updated.
2026-08-09 09:31:23,927 - INFO - Starting fetch cycle
2026-08-09 09:31:24,423 - INFO - [NIFTY50] ETF volume merged from NIFTYBEES.NS
2026-08-09 09:31:24,424 - INFO - [NIFTY50] yfinance fetched 1872 rows
2026-08-09 09:31:25,236 - INFO - [NIFTY50] Inserted 1872 candles
2026-08-09 09:31:27,244 - INFO - Cycle complete. README updated.
2026-08-09 09:46:09,985 - INFO - Starting fetch cycle
2026-08-09 09:46:10,447 - INFO - [NIFTY50] ETF volume merged from NIFTYBEES.NS
2026-08-09 09:46:10,449 - INFO - [NIFTY50] yfinance fetched 1872 rows
2026-08-09 09:46:11,249 - INFO - [NIFTY50] Inserted 1872 candles
2026-08-09 09:46:13,257 - INFO - Cycle complete. README updated.
2026-08-09 10:01:31,064 - INFO - Starting fetch cycle
2026-08-09 10:01:31,670 - INFO - [NIFTY50] ETF volume merged from NIFTYBEES.NS
2026-08-09 10:01:31,671 - INFO - [NIFTY50] yfinance fetched 1875 rows
2026-08-09 10:01:32,293 - INFO - [NIFTY50] Inserted 1875 candles
2026-08-09 10:01:34,300 - INFO - Cycle complete. README updated.
2026-08-09 10:16:00,744 - INFO - Starting fetch cycle
2026-08-09 10:16:02,031 - INFO - [NIFTY50] ETF volume merged from NIFTYBEES.NS
2026-08-09 10:16:02,032 - INFO - [NIFTY50] yfinance fetched 1872 rows
2026-08-09 10:16:02,512 - INFO - [NIFTY50] Inserted 1872 candles
2026-08-09 10:16:04,521 - INFO - Cycle complete. README updated.
2026-08-09 10:31:21,091 - INFO - Starting fetch cycle
2026-08-09 10:31:22,151 - INFO - [NIFTY50] ETF volume merged from NIFTYBEES.NS
2026-08-09 10:31:22,152 - INFO - [NIFTY50] yfinance fetched 1875 rows
2026-08-09 10:31:22,743 - INFO - [NIFTY50] Inserted 1875 candles
2026-08-09 10:31:24,750 - INFO - Cycle complete. README updated.
2026-08-09 10:46:01,062 - INFO - Starting fetch cycle
2026-08-09 10:46:02,440 - INFO - [NIFTY50] ETF volume merged from NIFTYBEES.NS
2026-08-09 10:46:02,442 - INFO - [NIFTY50] yfinance fetched 1875 rows
2026-08-09 10:46:03,218 - INFO - [NIFTY50] Inserted 1875 candles
2026-08-09 10:46:05,225 - INFO - Cycle complete. README updated.
2026-08-09 11:01:30,220 - INFO - Starting fetch cycle
2026-08-09 11:01:31,375 - INFO - [NIFTY50] ETF volume merged from NIFTYBEES.NS
2026-08-09 11:01:31,377 - INFO - [NIFTY50] yfinance fetched 1875 rows
2026-08-09 11:01:31,962 - INFO - [NIFTY50] Inserted 1875 candles
2026-08-09 11:01:33,970 - INFO - Cycle complete. README updated.
2026-08-09 11:16:00,107 - INFO - Starting fetch cycle
2026-08-09 11:16:00,536 - INFO - [NIFTY50] ETF volume merged from NIFTYBEES.NS
2026-08-09 11:16:00,538 - INFO - [NIFTY50] yfinance fetched 1875 rows
2026-08-09 11:16:01,341 - INFO - [NIFTY50] Inserted 1875 candles
2026-08-09 11:16:03,349 - INFO - Cycle complete. README updated.
2026-08-09 11:31:17,246 - INFO - Starting fetch cycle
2026-08-09 11:31:18,031 - INFO - [NIFTY50] ETF volume merged from NIFTYBEES.NS
2026-08-09 11:31:18,033 - INFO - [NIFTY50] yfinance fetched 1875 rows
2026-08-09 11:31:18,821 - INFO - [NIFTY50] Inserted 1875 candles
2026-08-09 11:31:20,829 - INFO - Cycle complete. README updated.
2026-08-09 11:45:59,456 - INFO - Starting fetch cycle
2026-08-09 11:45:59,947 - INFO - [NIFTY50] ETF volume merged from NIFTYBEES.NS
2026-08-09 11:45:59,949 - INFO - [NIFTY50] yfinance fetched 1872 rows
2026-08-09 11:46:00,736 - INFO - [NIFTY50] Inserted 1872 candles
2026-08-09 11:46:02,743 - INFO - Cycle complete. README updated.
2026-08-09 12:01:31,920 - INFO - Starting fetch cycle
2026-08-09 12:01:32,436 - INFO - [NIFTY50] ETF volume merged from NIFTYBEES.NS
2026-08-09 12:01:32,437 - INFO - [NIFTY50] yfinance fetched 1875 rows
2026-08-09 12:01:33,224 - INFO - [NIFTY50] Inserted 1875 candles
2026-08-09 12:01:35,232 - INFO - Cycle complete. README updated.
2026-08-09 12:16:01,431 - INFO - Starting fetch cycle
2026-08-09 12:16:02,011 - INFO - [NIFTY50] ETF volume merged from NIFTYBEES.NS
2026-08-09 12:16:02,012 - INFO - [NIFTY50] yfinance fetched 1872 rows
2026-08-09 12:16:02,809 - INFO - [NIFTY50] Inserted 1872 candles
2026-08-09 12:16:04,817 - INFO - Cycle complete. README updated.
2026-08-09 12:31:14,252 - INFO - Starting fetch cycle
2026-08-09 12:31:14,829 - INFO - [NIFTY50] ETF volume merged from NIFTYBEES.NS
2026-08-09 12:31:14,830 - INFO - [NIFTY50] yfinance fetched 1875 rows
2026-08-09 12:31:15,425 - INFO - [NIFTY50] Inserted 1875 candles
2026-08-09 12:31:17,433 - INFO - Cycle complete. README updated.
2026-08-09 12:45:58,130 - INFO - Starting fetch cycle
2026-08-09 12:45:59,295 - INFO - [NIFTY50] ETF volume merged from NIFTYBEES.NS
2026-08-09 12:45:59,296 - INFO - [NIFTY50] yfinance fetched 1875 rows
2026-08-09 12:46:00,373 - INFO - [NIFTY50] Inserted 1875 candles
2026-08-09 12:46:02,379 - INFO - Cycle complete. README updated.
2026-08-09 13:01:35,105 - INFO - Starting fetch cycle
2026-08-09 13:01:36,180 - INFO - [NIFTY50] ETF volume merged from NIFTYBEES.NS
2026-08-09 13:01:36,181 - INFO - [NIFTY50] yfinance fetched 1875 rows
2026-08-09 13:01:36,965 - INFO - [NIFTY50] Inserted 1875 candles
2026-08-09 13:01:38,973 - INFO - Cycle complete. README updated.
2026-08-09 13:16:03,047 - INFO - Starting fetch cycle
2026-08-09 13:16:03,646 - INFO - [NIFTY50] ETF volume merged from NIFTYBEES.NS
2026-08-09 13:16:03,647 - INFO - [NIFTY50] yfinance fetched 1875 rows
2026-08-09 13:16:04,470 - INFO - [NIFTY50] Inserted 1875 candles
2026-08-09 13:16:06,479 - INFO - Cycle complete. README updated.
2026-08-09 13:31:18,921 - INFO - Starting fetch cycle
2026-08-09 13:31:19,864 - INFO - [NIFTY50] ETF volume merged from NIFTYBEES.NS
2026-08-09 13:31:19,865 - INFO - [NIFTY50] yfinance fetched 1872 rows
2026-08-09 13:31:20,658 - INFO - [NIFTY50] Inserted 1872 candles
2026-08-09 13:31:22,666 - INFO - Cycle complete. README updated.
2026-08-09 13:46:00,435 - INFO - Starting fetch cycle
2026-08-09 13:46:00,945 - INFO - [NIFTY50] ETF volume merged from NIFTYBEES.NS
2026-08-09 13:46:00,946 - INFO - [NIFTY50] yfinance fetched 1875 rows
2026-08-09 13:46:01,543 - INFO - [NIFTY50] Inserted 1875 candles
2026-08-09 13:46:03,551 - INFO - Cycle complete. README updated.
2026-08-09 14:01:31,092 - INFO - Starting fetch cycle
2026-08-09 14:01:31,535 - INFO - [NIFTY50] ETF volume merged from NIFTYBEES.NS
2026-08-09 14:01:31,536 - INFO - [NIFTY50] yfinance fetched 1875 rows
2026-08-09 14:01:32,323 - INFO - [NIFTY50] Inserted 1875 candles
2026-08-09 14:01:34,331 - INFO - Cycle complete. README updated.
2026-08-09 14:15:56,146 - INFO - Starting fetch cycle
2026-08-09 14:15:57,006 - INFO - [NIFTY50] ETF volume merged from NIFTYBEES.NS
2026-08-09 14:15:57,007 - INFO - [NIFTY50] yfinance fetched 1872 rows
2026-08-09 14:15:57,389 - INFO - [NIFTY50] Inserted 1872 candles
2026-08-09 14:15:59,394 - INFO - Cycle complete. README updated.
2026-08-09 14:31:16,508 - INFO - Starting fetch cycle
2026-08-09 14:31:17,206 - INFO - [NIFTY50] ETF volume merged from NIFTYBEES.NS
2026-08-09 14:31:17,207 - INFO - [NIFTY50] yfinance fetched 1875 rows
2026-08-09 14:31:18,002 - INFO - [NIFTY50] Inserted 1875 candles
2026-08-09 14:31:20,009 - INFO - Cycle complete. README updated.
2026-08-09 14:46:04,058 - INFO - Starting fetch cycle
2026-08-09 14:46:04,881 - INFO - [NIFTY50] ETF volume merged from NIFTYBEES.NS
2026-08-09 14:46:04,882 - INFO - [NIFTY50] yfinance fetched 1875 rows
2026-08-09 14:46:05,354 - INFO - [NIFTY50] Inserted 1875 candles
2026-08-09 14:46:07,360 - INFO - Cycle complete. README updated.
2026-08-09 15:01:31,359 - INFO - Starting fetch cycle
2026-08-09 15:01:32,586 - INFO - [NIFTY50] ETF volume merged from NIFTYBEES.NS
2026-08-09 15:01:32,587 - INFO - [NIFTY50] yfinance fetched 1875 rows
2026-08-09 15:01:33,384 - INFO - [NIFTY50] Inserted 1875 candles
2026-08-09 15:01:35,391 - INFO - Cycle complete. README updated.
2026-08-09 15:16:01,326 - INFO - Starting fetch cycle
2026-08-09 15:16:01,855 - INFO - [NIFTY50] ETF volume merged from NIFTYBEES.NS
2026-08-09 15:16:01,856 - INFO - [NIFTY50] yfinance fetched 1875 rows
2026-08-09 15:16:02,688 - INFO - [NIFTY50] Inserted 1875 candles
2026-08-09 15:16:04,697 - INFO - Cycle complete. README updated.
2026-08-09 15:31:15,926 - INFO - Starting fetch cycle
2026-08-09 15:31:16,670 - INFO - [NIFTY50] ETF volume merged from NIFTYBEES.NS
2026-08-09 15:31:16,672 - INFO - [NIFTY50] yfinance fetched 1872 rows
2026-08-09 15:31:17,243 - INFO - [NIFTY50] Inserted 1872 candles
2026-08-09 15:31:19,250 - INFO - Cycle complete. README updated.
2026-08-09 15:45:58,822 - INFO - Starting fetch cycle
2026-08-09 15:45:59,302 - INFO - [NIFTY50] ETF volume merged from NIFTYBEES.NS
2026-08-09 15:45:59,303 - INFO - [NIFTY50] yfinance fetched 1875 rows
2026-08-09 15:46:00,105 - INFO - [NIFTY50] Inserted 1875 candles
2026-08-09 15:46:02,113 - INFO - Cycle complete. README updated.
2026-08-09 16:01:30,401 - INFO - Starting fetch cycle
2026-08-09 16:01:31,231 - INFO - [NIFTY50] ETF volume merged from NIFTYBEES.NS
2026-08-09 16:01:31,232 - INFO - [NIFTY50] yfinance fetched 1872 rows
2026-08-09 16:01:32,025 - INFO - [NIFTY50] Inserted 1872 candles
2026-08-09 16:01:34,032 - INFO - Cycle complete. README updated.
2026-08-09 16:16:01,551 - INFO - Starting fetch cycle
2026-08-09 16:16:02,700 - INFO - [NIFTY50] ETF volume merged from NIFTYBEES.NS
2026-08-09 16:16:02,701 - INFO - [NIFTY50] yfinance fetched 1875 rows
2026-08-09 16:16:03,480 - INFO - [NIFTY50] Inserted 1875 candles
2026-08-09 16:16:05,488 - INFO - Cycle complete. README updated.
2026-08-09 16:31:17,379 - INFO - Starting fetch cycle
2026-08-09 16:31:18,626 - INFO - [NIFTY50] ETF volume merged from NIFTYBEES.NS
2026-08-09 16:31:18,627 - INFO - [NIFTY50] yfinance fetched 1872 rows
2026-08-09 16:31:19,164 - INFO - [NIFTY50] Inserted 1872 candles
2026-08-09 16:31:21,170 - INFO - Cycle complete. README updated.
2026-08-09 16:45:56,412 - INFO - Starting fetch cycle
2026-08-09 16:45:57,020 - INFO - [NIFTY50] ETF volume merged from NIFTYBEES.NS
2026-08-09 16:45:57,021 - INFO - [NIFTY50] yfinance fetched 1875 rows
2026-08-09 16:45:57,619 - INFO - [NIFTY50] Inserted 1875 candles
2026-08-09 16:45:59,627 - INFO - Cycle complete. README updated.
2026-08-09 17:01:32,480 - INFO - Starting fetch cycle
2026-08-09 17:01:33,693 - INFO - [NIFTY50] ETF volume merged from NIFTYBEES.NS
2026-08-09 17:01:33,695 - INFO - [NIFTY50] yfinance fetched 1875 rows
2026-08-09 17:01:34,282 - INFO - [NIFTY50] Inserted 1875 candles
2026-08-09 17:01:36,289 - INFO - Cycle complete. README updated.
2026-08-09 17:16:01,084 - INFO - Starting fetch cycle
2026-08-09 17:16:02,215 - INFO - [NIFTY50] ETF volume merged from NIFTYBEES.NS
2026-08-09 17:16:02,217 - INFO - [NIFTY50] yfinance fetched 1875 rows
2026-08-09 17:16:02,802 - INFO - [NIFTY50] Inserted 1875 candles
2026-08-09 17:16:04,809 - INFO - Cycle complete. README updated.
2026-08-09 17:31:22,254 - INFO - Starting fetch cycle
2026-08-09 17:31:22,791 - INFO - [NIFTY50] ETF volume merged from NIFTYBEES.NS
2026-08-09 17:31:22,793 - INFO - [NIFTY50] yfinance fetched 1875 rows
2026-08-09 17:31:23,401 - INFO - [NIFTY50] Inserted 1875 candles
2026-08-09 17:31:25,408 - INFO - Cycle complete. README updated.
2026-08-09 17:45:58,785 - INFO - Starting fetch cycle
2026-08-09 17:45:59,197 - INFO - [NIFTY50] ETF volume merged from NIFTYBEES.NS
2026-08-09 17:45:59,198 - INFO - [NIFTY50] yfinance fetched 1875 rows
2026-08-09 17:45:59,999 - INFO - [NIFTY50] Inserted 1875 candles
2026-08-09 17:46:02,006 - INFO - Cycle complete. README updated.
2026-08-09 18:01:29,469 - INFO - Starting fetch cycle
2026-08-09 18:01:30,016 - INFO - [NIFTY50] ETF volume merged from NIFTYBEES.NS
2026-08-09 18:01:30,017 - INFO - [NIFTY50] yfinance fetched 1875 rows
2026-08-09 18:01:30,818 - INFO - [NIFTY50] Inserted 1875 candles
2026-08-09 18:01:32,826 - INFO - Cycle complete. README updated.
2026-08-09 18:16:07,438 - INFO - Starting fetch cycle
2026-08-09 18:16:08,098 - INFO - [NIFTY50] ETF volume merged from NIFTYBEES.NS
2026-08-09 18:16:08,100 - INFO - [NIFTY50] yfinance fetched 1872 rows
2026-08-09 18:16:08,912 - INFO - [NIFTY50] Inserted 1872 candles
2026-08-09 18:16:10,920 - INFO - Cycle complete. README updated.
2026-08-09 18:31:17,484 - INFO - Starting fetch cycle
2026-08-09 18:31:17,930 - INFO - [NIFTY50] ETF volume merged from NIFTYBEES.NS
2026-08-09 18:31:17,931 - INFO - [NIFTY50] yfinance fetched 1875 rows
2026-08-09 18:31:18,730 - INFO - [NIFTY50] Inserted 1875 candles
2026-08-09 18:31:20,738 - INFO - Cycle complete. README updated.
2026-08-09 18:46:00,765 - INFO - Starting fetch cycle
2026-08-09 18:46:01,318 - INFO - [NIFTY50] ETF volume merged from NIFTYBEES.NS
2026-08-09 18:46:01,319 - INFO - [NIFTY50] yfinance fetched 1872 rows
2026-08-09 18:46:02,116 - INFO - [NIFTY50] Inserted 1872 candles
2026-08-09 18:46:04,123 - INFO - Cycle complete. README updated.
2026-08-09 19:01:29,412 - INFO - Starting fetch cycle
2026-08-09 19:01:29,932 - INFO - [NIFTY50] ETF volume merged from NIFTYBEES.NS
2026-08-09 19:01:29,933 - INFO - [NIFTY50] yfinance fetched 1875 rows
2026-08-09 19:01:30,530 - INFO - [NIFTY50] Inserted 1875 candles
2026-08-09 19:01:32,537 - INFO - Cycle complete. README updated.
2026-08-09 19:16:05,511 - INFO - Starting fetch cycle
2026-08-09 19:16:06,137 - INFO - [NIFTY50] ETF volume merged from NIFTYBEES.NS
2026-08-09 19:16:06,139 - INFO - [NIFTY50] yfinance fetched 1872 rows
2026-08-09 19:16:06,947 - INFO - [NIFTY50] Inserted 1872 candles
2026-08-09 19:16:08,954 - INFO - Cycle complete. README updated.
2026-08-09 19:31:16,454 - INFO - Starting fetch cycle
2026-08-09 19:31:16,968 - INFO - [NIFTY50] ETF volume merged from NIFTYBEES.NS
2026-08-09 19:31:16,970 - INFO - [NIFTY50] yfinance fetched 1875 rows
2026-08-09 19:31:17,568 - INFO - [NIFTY50] Inserted 1875 candles
2026-08-09 19:31:19,575 - INFO - Cycle complete. README updated.
2026-08-09 19:46:00,954 - INFO - Starting fetch cycle
2026-08-09 19:46:01,443 - INFO - [NIFTY50] ETF volume merged from NIFTYBEES.NS
2026-08-09 19:46:01,444 - INFO - [NIFTY50] yfinance fetched 1875 rows
2026-08-09 19:46:02,030 - INFO - [NIFTY50] Inserted 1875 candles
2026-08-09 19:46:04,038 - INFO - Cycle complete. README updated.
2026-08-09 20:01:39,016 - INFO - Starting fetch cycle
2026-08-09 20:01:39,770 - INFO - [NIFTY50] ETF volume merged from NIFTYBEES.NS
2026-08-09 20:01:39,771 - INFO - [NIFTY50] yfinance fetched 1872 rows
2026-08-09 20:01:40,262 - INFO - [NIFTY50] Inserted 1872 candles
2026-08-09 20:01:42,268 - INFO - Cycle complete. README updated.
2026-08-09 20:15:56,385 - INFO - Starting fetch cycle
2026-08-09 20:15:57,247 - INFO - [NIFTY50] ETF volume merged from NIFTYBEES.NS
2026-08-09 20:15:57,248 - INFO - [NIFTY50] yfinance fetched 1872 rows
2026-08-09 20:15:57,945 - INFO - [NIFTY50] Inserted 1872 candles
2026-08-09 20:15:59,953 - INFO - Cycle complete. README updated.
2026-08-09 20:31:14,890 - INFO - Starting fetch cycle
2026-08-09 20:31:15,369 - INFO - [NIFTY50] ETF volume merged from NIFTYBEES.NS
2026-08-09 20:31:15,370 - INFO - [NIFTY50] yfinance fetched 1875 rows
2026-08-09 20:31:16,155 - INFO - [NIFTY50] Inserted 1875 candles
2026-08-09 20:31:18,162 - INFO - Cycle complete. README updated.
2026-08-09 20:45:57,054 - INFO - Starting fetch cycle
2026-08-09 20:45:57,589 - INFO - [NIFTY50] ETF volume merged from NIFTYBEES.NS
2026-08-09 20:45:57,590 - INFO - [NIFTY50] yfinance fetched 1875 rows
2026-08-09 20:45:58,392 - INFO - [NIFTY50] Inserted 1875 candles
2026-08-09 20:46:00,399 - INFO - Cycle complete. README updated.
2026-08-09 21:01:28,108 - INFO - Starting fetch cycle
2026-08-09 21:01:28,774 - INFO - [NIFTY50] ETF volume merged from NIFTYBEES.NS
2026-08-09 21:01:28,775 - INFO - [NIFTY50] yfinance fetched 1875 rows
2026-08-09 21:01:29,595 - INFO - [NIFTY50] Inserted 1875 candles
2026-08-09 21:01:31,602 - INFO - Cycle complete. README updated.
2026-08-09 21:15:57,349 - INFO - Starting fetch cycle
2026-08-09 21:15:58,206 - INFO - [NIFTY50] ETF volume merged from NIFTYBEES.NS
2026-08-09 21:15:58,207 - INFO - [NIFTY50] yfinance fetched 1872 rows
2026-08-09 21:15:58,913 - INFO - [NIFTY50] Inserted 1872 candles
2026-08-09 21:16:00,920 - INFO - Cycle complete. README updated.
2026-08-09 21:31:22,050 - INFO - Starting fetch cycle
2026-08-09 21:31:22,894 - INFO - [NIFTY50] ETF volume merged from NIFTYBEES.NS
2026-08-09 21:31:22,896 - INFO - [NIFTY50] yfinance fetched 1872 rows
2026-08-09 21:31:23,705 - INFO - [NIFTY50] Inserted 1872 candles
2026-08-09 21:31:25,713 - INFO - Cycle complete. README updated.
2026-08-09 21:45:58,783 - INFO - Starting fetch cycle
2026-08-09 21:45:59,275 - INFO - [NIFTY50] ETF volume merged from NIFTYBEES.NS
2026-08-09 21:45:59,277 - INFO - [NIFTY50] yfinance fetched 1875 rows
2026-08-09 21:46:00,090 - INFO - [NIFTY50] Inserted 1875 candles
2026-08-09 21:46:02,098 - INFO - Cycle complete. README updated.
2026-08-09 22:01:42,366 - INFO - Starting fetch cycle
2026-08-09 22:01:43,330 - INFO - [NIFTY50] ETF volume merged from NIFTYBEES.NS
2026-08-09 22:01:43,331 - INFO - [NIFTY50] yfinance fetched 1875 rows
2026-08-09 22:01:44,122 - INFO - [NIFTY50] Inserted 1875 candles
2026-08-09 22:01:46,129 - INFO - Cycle complete. README updated.
2026-08-09 22:15:59,351 - INFO - Starting fetch cycle
2026-08-09 22:15:59,842 - INFO - [NIFTY50] ETF volume merged from NIFTYBEES.NS
2026-08-09 22:15:59,844 - INFO - [NIFTY50] yfinance fetched 1875 rows
2026-08-09 22:16:00,655 - INFO - [NIFTY50] Inserted 1875 candles
2026-08-09 22:16:02,663 - INFO - Cycle complete. README updated.
2026-08-09 22:31:22,987 - INFO - Starting fetch cycle
2026-08-09 22:31:25,863 - INFO - [NIFTY50] ETF volume merged from NIFTYBEES.NS
2026-08-09 22:31:25,865 - INFO - [NIFTY50] yfinance fetched 1872 rows
2026-08-09 22:31:26,585 - INFO - [NIFTY50] Inserted 1872 candles
2026-08-09 22:31:28,592 - INFO - Cycle complete. README updated.
2026-08-09 22:46:04,051 - INFO - Starting fetch cycle
2026-08-09 22:46:05,169 - INFO - [NIFTY50] ETF volume merged from NIFTYBEES.NS
2026-08-09 22:46:05,170 - INFO - [NIFTY50] yfinance fetched 1875 rows
2026-08-09 22:46:05,960 - INFO - [NIFTY50] Inserted 1875 candles
2026-08-09 22:46:07,968 - INFO - Cycle complete. README updated.
2026-08-09 23:01:37,313 - INFO - Starting fetch cycle
2026-08-09 23:01:39,292 - INFO - [NIFTY50] ETF volume merged from NIFTYBEES.NS
2026-08-09 23:01:39,293 - INFO - [NIFTY50] yfinance fetched 1875 rows
2026-08-09 23:01:40,090 - INFO - [NIFTY50] Inserted 1875 candles
2026-08-09 23:01:42,098 - INFO - Cycle complete. README updated.
2026-08-09 23:15:59,793 - INFO - Starting fetch cycle
2026-08-09 23:16:00,275 - INFO - [NIFTY50] ETF volume merged from NIFTYBEES.NS
2026-08-09 23:16:00,277 - INFO - [NIFTY50] yfinance fetched 1875 rows
2026-08-09 23:16:00,913 - INFO - [NIFTY50] Inserted 1875 candles
2026-08-09 23:16:02,920 - INFO - Cycle complete. README updated.
2026-08-09 23:31:20,370 - INFO - Starting fetch cycle
2026-08-09 23:31:21,067 - INFO - [NIFTY50] ETF volume merged from NIFTYBEES.NS
2026-08-09 23:31:21,068 - INFO - [NIFTY50] yfinance fetched 1875 rows
2026-08-09 23:31:21,856 - INFO - [NIFTY50] Inserted 1875 candles
2026-08-09 23:31:23,864 - INFO - Cycle complete. README updated.
2026-08-09 23:46:00,325 - INFO - Starting fetch cycle
2026-08-09 23:46:01,143 - INFO - [NIFTY50] ETF volume merged from NIFTYBEES.NS
2026-08-09 23:46:01,144 - INFO - [NIFTY50] yfinance fetched 1872 rows
2026-08-09 23:46:01,714 - INFO - [NIFTY50] Inserted 1872 candles
2026-08-09 23:46:03,721 - INFO - Cycle complete. README updated.
2026-08-10 00:01:41,528 - INFO - Starting fetch cycle
2026-08-10 00:01:42,348 - INFO - [NIFTY50] ETF volume merged from NIFTYBEES.NS
2026-08-10 00:01:42,349 - INFO - [NIFTY50] yfinance fetched 1872 rows
2026-08-10 00:01:43,155 - INFO - [NIFTY50] Inserted 1872 candles
2026-08-10 00:01:45,163 - INFO - Cycle complete. README updated.
2026-08-10 00:15:58,063 - INFO - Starting fetch cycle
2026-08-10 00:15:58,675 - INFO - [NIFTY50] ETF volume merged from NIFTYBEES.NS
2026-08-10 00:15:58,677 - INFO - [NIFTY50] yfinance fetched 1872 rows
2026-08-10 00:15:59,479 - INFO - [NIFTY50] Inserted 1872 candles
2026-08-10 00:16:01,487 - INFO - Cycle complete. README updated.
2026-08-10 00:31:17,290 - INFO - Starting fetch cycle
2026-08-10 00:31:18,094 - INFO - [NIFTY50] ETF volume merged from NIFTYBEES.NS
2026-08-10 00:31:18,095 - INFO - [NIFTY50] yfinance fetched 1872 rows
2026-08-10 00:31:18,886 - INFO - [NIFTY50] Inserted 1872 candles
2026-08-10 00:31:20,894 - INFO - Cycle complete. README updated.
2026-08-10 00:46:03,945 - INFO - Starting fetch cycle
2026-08-10 00:46:04,515 - INFO - [NIFTY50] ETF volume merged from NIFTYBEES.NS
2026-08-10 00:46:04,517 - INFO - [NIFTY50] yfinance fetched 1872 rows
2026-08-10 00:46:05,309 - INFO - [NIFTY50] Inserted 1872 candles
2026-08-10 00:46:07,317 - INFO - Cycle complete. README updated.
2026-08-10 01:01:28,850 - INFO - Starting fetch cycle
2026-08-10 01:01:29,671 - INFO - [NIFTY50] ETF volume merged from NIFTYBEES.NS
2026-08-10 01:01:29,672 - INFO - [NIFTY50] yfinance fetched 1875 rows
2026-08-10 01:01:30,267 - INFO - [NIFTY50] Inserted 1875 candles
2026-08-10 01:01:32,274 - INFO - Cycle complete. README updated.
2026-08-10 01:15:57,901 - INFO - Starting fetch cycle
2026-08-10 01:15:58,526 - INFO - [NIFTY50] ETF volume merged from NIFTYBEES.NS
2026-08-10 01:15:58,527 - INFO - [NIFTY50] yfinance fetched 1875 rows
2026-08-10 01:15:59,125 - INFO - [NIFTY50] Inserted 1875 candles
2026-08-10 01:16:01,132 - INFO - Cycle complete. README updated.
2026-08-10 01:31:19,964 - INFO - Starting fetch cycle
2026-08-10 01:31:20,438 - INFO - [NIFTY50] ETF volume merged from NIFTYBEES.NS
2026-08-10 01:31:20,440 - INFO - [NIFTY50] yfinance fetched 1872 rows
2026-08-10 01:31:21,233 - INFO - [NIFTY50] Inserted 1872 candles
2026-08-10 01:31:23,241 - INFO - Cycle complete. README updated.
2026-08-10 01:46:04,169 - INFO - Starting fetch cycle
2026-08-10 01:46:05,323 - INFO - [NIFTY50] ETF volume merged from NIFTYBEES.NS
2026-08-10 01:46:05,325 - INFO - [NIFTY50] yfinance fetched 1875 rows
2026-08-10 01:46:05,921 - INFO - [NIFTY50] Inserted 1875 candles
2026-08-10 01:46:07,928 - INFO - Cycle complete. README updated.
2026-08-10 02:01:34,630 - INFO - Starting fetch cycle
2026-08-10 02:01:35,106 - INFO - [NIFTY50] ETF volume merged from NIFTYBEES.NS
2026-08-10 02:01:35,107 - INFO - [NIFTY50] yfinance fetched 1875 rows
2026-08-10 02:01:36,473 - INFO - [NIFTY50] Inserted 1875 candles
2026-08-10 02:01:38,480 - INFO - Cycle complete. README updated.
2026-08-10 02:15:59,107 - INFO - Starting fetch cycle
2026-08-10 02:15:59,878 - INFO - [NIFTY50] ETF volume merged from NIFTYBEES.NS
2026-08-10 02:15:59,879 - INFO - [NIFTY50] yfinance fetched 1872 rows
2026-08-10 02:16:00,240 - INFO - [NIFTY50] Inserted 1872 candles
2026-08-10 02:16:02,265 - INFO - Cycle complete. README updated.
2026-08-10 02:31:23,852 - INFO - Starting fetch cycle
2026-08-10 02:31:25,034 - INFO - [NIFTY50] ETF volume merged from NIFTYBEES.NS
2026-08-10 02:31:25,035 - INFO - [NIFTY50] yfinance fetched 1875 rows
2026-08-10 02:31:25,672 - INFO - [NIFTY50] Inserted 1875 candles
2026-08-10 02:31:27,679 - INFO - Cycle complete. README updated.
2026-08-10 02:45:59,485 - INFO - Starting fetch cycle
2026-08-10 02:46:01,275 - INFO - [NIFTY50] ETF volume merged from NIFTYBEES.NS
2026-08-10 02:46:01,277 - INFO - [NIFTY50] yfinance fetched 1875 rows
2026-08-10 02:46:02,212 - INFO - [NIFTY50] Inserted 1875 candles
2026-08-10 02:46:04,221 - INFO - Cycle complete. README updated.
2026-08-10 03:01:32,619 - INFO - Starting fetch cycle
2026-08-10 03:01:34,136 - INFO - [NIFTY50] ETF volume merged from NIFTYBEES.NS
2026-08-10 03:01:34,137 - INFO - [NIFTY50] yfinance fetched 1875 rows
2026-08-10 03:01:34,612 - INFO - [NIFTY50] Inserted 1875 candles
2026-08-10 03:01:36,618 - INFO - Cycle complete. README updated.
2026-08-10 03:15:59,940 - INFO - Starting fetch cycle
2026-08-10 03:16:00,386 - INFO - [NIFTY50] ETF volume merged from NIFTYBEES.NS
2026-08-10 03:16:00,387 - INFO - [NIFTY50] yfinance fetched 1875 rows
2026-08-10 03:16:01,203 - INFO - [NIFTY50] Inserted 1875 candles
2026-08-10 03:16:03,211 - INFO - Cycle complete. README updated.
2026-08-10 03:31:22,414 - INFO - Starting fetch cycle
2026-08-10 03:31:23,589 - INFO - [NIFTY50] ETF volume merged from NIFTYBEES.NS
2026-08-10 03:31:23,591 - INFO - [NIFTY50] yfinance fetched 1875 rows
2026-08-10 03:31:24,391 - INFO - [NIFTY50] Inserted 1875 candles
2026-08-10 03:31:26,399 - INFO - Cycle complete. README updated.
2026-08-10 03:46:00,814 - INFO - Starting fetch cycle
2026-08-10 03:46:01,317 - INFO - [NIFTY50] ETF volume merged from NIFTYBEES.NS
2026-08-10 03:46:01,318 - INFO - [NIFTY50] yfinance fetched 1498 rows
2026-08-10 03:46:01,996 - INFO - [NIFTY50] Inserted 1498 candles
2026-08-10 03:46:04,006 - INFO - Cycle complete. README updated.
2026-08-10 04:01:40,481 - INFO - Starting fetch cycle
2026-08-10 04:01:41,042 - INFO - [NIFTY50] ETF volume merged from NIFTYBEES.NS
2026-08-10 04:01:41,044 - INFO - [NIFTY50] yfinance fetched 1514 rows
2026-08-10 04:01:41,701 - INFO - [NIFTY50] Inserted 1514 candles
2026-08-10 04:01:43,715 - INFO - Cycle complete. README updated.
2026-08-10 04:15:58,390 - INFO - Starting fetch cycle
2026-08-10 04:15:58,782 - INFO - [NIFTY50] ETF volume merged from NIFTYBEES.NS
2026-08-10 04:15:58,783 - INFO - [NIFTY50] yfinance fetched 1531 rows
2026-08-10 04:15:59,462 - INFO - [NIFTY50] Inserted 1531 candles
2026-08-10 04:16:01,471 - INFO - Cycle complete. README updated.
2026-08-10 04:31:22,777 - INFO - Starting fetch cycle
2026-08-10 04:31:24,014 - INFO - [NIFTY50] ETF volume merged from NIFTYBEES.NS
2026-08-10 04:31:24,016 - INFO - [NIFTY50] yfinance fetched 1544 rows
2026-08-10 04:31:24,964 - INFO - [NIFTY50] Inserted 1544 candles
2026-08-10 04:31:26,973 - INFO - Cycle complete. README updated.
2026-08-10 04:45:59,986 - INFO - Starting fetch cycle
2026-08-10 04:46:00,513 - INFO - [NIFTY50] ETF volume merged from NIFTYBEES.NS
2026-08-10 04:46:00,515 - INFO - [NIFTY50] yfinance fetched 1561 rows
2026-08-10 04:46:01,019 - INFO - [NIFTY50] Inserted 1561 candles
2026-08-10 04:46:03,028 - INFO - Cycle complete. README updated.
2026-08-10 05:01:37,678 - INFO - Starting fetch cycle
2026-08-10 05:01:38,745 - INFO - [NIFTY50] ETF volume merged from NIFTYBEES.NS
2026-08-10 05:01:38,746 - INFO - [NIFTY50] yfinance fetched 1577 rows
2026-08-10 05:01:39,241 - INFO - [NIFTY50] Inserted 1577 candles
2026-08-10 05:01:41,248 - INFO - Cycle complete. README updated.
2026-08-10 05:16:05,661 - INFO - Starting fetch cycle
2026-08-10 05:16:07,539 - INFO - [NIFTY50] ETF volume merged from NIFTYBEES.NS
2026-08-10 05:16:07,540 - INFO - [NIFTY50] yfinance fetched 1589 rows
2026-08-10 05:16:07,864 - INFO - [NIFTY50] Inserted 1589 candles
2026-08-10 05:16:09,870 - INFO - Cycle complete. README updated.
2026-08-10 05:31:18,462 - INFO - Starting fetch cycle
2026-08-10 05:31:19,251 - INFO - [NIFTY50] ETF volume merged from NIFTYBEES.NS
2026-08-10 05:31:19,253 - INFO - [NIFTY50] yfinance fetched 1604 rows
2026-08-10 05:31:19,944 - INFO - [NIFTY50] Inserted 1604 candles
2026-08-10 05:31:21,953 - INFO - Cycle complete. README updated.
2026-08-10 05:45:57,311 - INFO - Starting fetch cycle
2026-08-10 05:45:57,858 - INFO - [NIFTY50] ETF volume merged from NIFTYBEES.NS
2026-08-10 05:45:57,860 - INFO - [NIFTY50] yfinance fetched 1621 rows
2026-08-10 05:45:58,376 - INFO - [NIFTY50] Inserted 1621 candles
2026-08-10 05:46:00,385 - INFO - Cycle complete. README updated.
2026-08-10 06:01:38,085 - INFO - Starting fetch cycle
2026-08-10 06:01:39,158 - INFO - [NIFTY50] ETF volume merged from NIFTYBEES.NS
2026-08-10 06:01:39,159 - INFO - [NIFTY50] yfinance fetched 1637 rows
2026-08-10 06:01:39,681 - INFO - [NIFTY50] Inserted 1637 candles
2026-08-10 06:01:41,690 - INFO - Cycle complete. README updated.
2026-08-10 06:16:00,259 - INFO - Starting fetch cycle
2026-08-10 06:16:00,685 - INFO - [NIFTY50] ETF volume merged from NIFTYBEES.NS
2026-08-10 06:16:00,686 - INFO - [NIFTY50] yfinance fetched 1651 rows
2026-08-10 06:16:01,413 - INFO - [NIFTY50] Inserted 1651 candles
2026-08-10 06:16:03,528 - INFO - Cycle complete. README updated.
2026-08-10 06:31:20,366 - INFO - Starting fetch cycle
2026-08-10 06:31:22,054 - INFO - [NIFTY50] ETF volume merged from NIFTYBEES.NS
2026-08-10 06:31:22,056 - INFO - [NIFTY50] yfinance fetched 1667 rows
2026-08-10 06:31:22,777 - INFO - [NIFTY50] Inserted 1667 candles
2026-08-10 06:31:24,786 - INFO - Cycle complete. README updated.
2026-08-10 06:46:03,862 - INFO - Starting fetch cycle
2026-08-10 06:46:04,378 - INFO - [NIFTY50] ETF volume merged from NIFTYBEES.NS
2026-08-10 06:46:04,379 - INFO - [NIFTY50] yfinance fetched 1682 rows
2026-08-10 06:46:04,921 - INFO - [NIFTY50] Inserted 1682 candles
2026-08-10 06:46:06,931 - INFO - Cycle complete. README updated.
2026-08-10 07:01:31,879 - INFO - Starting fetch cycle
2026-08-10 07:01:32,581 - INFO - [NIFTY50] ETF volume merged from NIFTYBEES.NS
2026-08-10 07:01:32,583 - INFO - [NIFTY50] yfinance fetched 1694 rows
2026-08-10 07:01:33,305 - INFO - [NIFTY50] Inserted 1694 candles
2026-08-10 07:01:35,315 - INFO - Cycle complete. README updated.
2026-08-10 07:15:59,959 - INFO - Starting fetch cycle
2026-08-10 07:16:00,916 - INFO - [NIFTY50] ETF volume merged from NIFTYBEES.NS
2026-08-10 07:16:00,917 - INFO - [NIFTY50] yfinance fetched 1708 rows
2026-08-10 07:16:01,663 - INFO - [NIFTY50] Inserted 1708 candles
2026-08-10 07:16:03,672 - INFO - Cycle complete. README updated.
2026-08-10 07:31:20,558 - INFO - Starting fetch cycle
2026-08-10 07:31:21,048 - INFO - [NIFTY50] ETF volume merged from NIFTYBEES.NS
2026-08-10 07:31:21,050 - INFO - [NIFTY50] yfinance fetched 1724 rows
2026-08-10 07:31:21,796 - INFO - [NIFTY50] Inserted 1724 candles
2026-08-10 07:31:23,806 - INFO - Cycle complete. README updated.
2026-08-10 07:46:07,879 - INFO - Starting fetch cycle
2026-08-10 07:46:08,359 - INFO - [NIFTY50] ETF volume merged from NIFTYBEES.NS
2026-08-10 07:46:08,360 - INFO - [NIFTY50] yfinance fetched 1742 rows
2026-08-10 07:46:09,120 - INFO - [NIFTY50] Inserted 1742 candles
2026-08-10 07:46:11,130 - INFO - Cycle complete. README updated.
2026-08-10 08:01:36,957 - INFO - Starting fetch cycle
2026-08-10 08:01:37,545 - INFO - [NIFTY50] ETF volume merged from NIFTYBEES.NS
2026-08-10 08:01:37,547 - INFO - [NIFTY50] yfinance fetched 1754 rows
2026-08-10 08:01:38,291 - INFO - [NIFTY50] Inserted 1754 candles
2026-08-10 08:01:40,301 - INFO - Cycle complete. README updated.
2026-08-10 08:16:12,485 - INFO - Starting fetch cycle
2026-08-10 08:16:12,921 - INFO - [NIFTY50] ETF volume merged from NIFTYBEES.NS
2026-08-10 08:16:12,922 - INFO - [NIFTY50] yfinance fetched 1769 rows
2026-08-10 08:16:13,689 - INFO - [NIFTY50] Inserted 1769 candles
2026-08-10 08:16:15,699 - INFO - Cycle complete. README updated.
2026-08-10 08:18:40,545 - INFO - Starting fetch cycle
2026-08-10 08:18:41,608 - INFO - [NIFTY50] ETF volume merged from NIFTYBEES.NS
2026-08-10 08:18:41,610 - INFO - [NIFTY50] yfinance fetched 1774 rows
2026-08-10 08:18:42,385 - INFO - [NIFTY50] Inserted 1774 candles
2026-08-10 08:18:44,394 - INFO - Cycle complete. README updated.
2026-08-10 08:31:21,812 - INFO - Starting fetch cycle
2026-08-10 08:31:22,258 - INFO - [NIFTY50] ETF volume merged from NIFTYBEES.NS
2026-08-10 08:31:22,260 - INFO - [NIFTY50] yfinance fetched 1787 rows
2026-08-10 08:31:23,033 - INFO - [NIFTY50] Inserted 1787 candles
2026-08-10 08:31:25,042 - INFO - Cycle complete. README updated.
2026-08-10 08:46:14,242 - INFO - Starting fetch cycle
2026-08-10 08:46:15,218 - INFO - [NIFTY50] ETF volume merged from NIFTYBEES.NS
2026-08-10 08:46:15,219 - INFO - [NIFTY50] yfinance fetched 1799 rows
2026-08-10 08:46:16,056 - INFO - [NIFTY50] Inserted 1799 candles
2026-08-10 08:46:18,065 - INFO - Cycle complete. README updated.
2026-08-10 09:01:28,464 - INFO - Starting fetch cycle
2026-08-10 09:01:28,980 - INFO - [NIFTY50] ETF volume merged from NIFTYBEES.NS
2026-08-10 09:01:28,982 - INFO - [NIFTY50] yfinance fetched 1817 rows
2026-08-10 09:01:29,567 - INFO - [NIFTY50] Inserted 1817 candles
2026-08-10 09:01:31,607 - INFO - Cycle complete. README updated.
2026-08-10 09:16:22,937 - INFO - Starting fetch cycle
2026-08-10 09:16:23,803 - INFO - [NIFTY50] ETF volume merged from NIFTYBEES.NS
2026-08-10 09:16:23,805 - INFO - [NIFTY50] yfinance fetched 1829 rows
2026-08-10 09:16:25,079 - INFO - [NIFTY50] Inserted 1829 candles
2026-08-10 09:16:27,088 - INFO - Cycle complete. README updated.
2026-08-10 09:51:40,307 - INFO - Starting fetch cycle
2026-08-10 09:51:41,151 - INFO - [NIFTY50] ETF volume merged from NIFTYBEES.NS
2026-08-10 09:51:41,152 - INFO - [NIFTY50] yfinance fetched 1867 rows
2026-08-10 09:51:41,683 - INFO - [NIFTY50] Inserted 1867 candles
2026-08-10 09:51:43,690 - INFO - Cycle complete. README updated.
2026-08-10 10:01:55,948 - INFO - Starting fetch cycle
2026-08-10 10:01:56,410 - INFO - [NIFTY50] ETF volume merged from NIFTYBEES.NS
2026-08-10 10:01:56,411 - INFO - [NIFTY50] yfinance fetched 1872 rows
2026-08-10 10:01:57,209 - INFO - [NIFTY50] Inserted 1872 candles
2026-08-10 10:01:59,219 - INFO - Cycle complete. README updated.
2026-08-10 10:16:03,815 - INFO - Starting fetch cycle
2026-08-10 10:16:04,405 - INFO - [NIFTY50] ETF volume merged from NIFTYBEES.NS
2026-08-10 10:16:04,406 - INFO - [NIFTY50] yfinance fetched 1872 rows
2026-08-10 10:16:05,219 - INFO - [NIFTY50] Inserted 1872 candles
2026-08-10 10:16:07,229 - INFO - Cycle complete. README updated.
2026-08-10 10:31:18,323 - INFO - Starting fetch cycle
2026-08-10 10:31:18,943 - INFO - [NIFTY50] ETF volume merged from NIFTYBEES.NS
2026-08-10 10:31:18,944 - INFO - [NIFTY50] yfinance fetched 1872 rows
2026-08-10 10:31:19,764 - INFO - [NIFTY50] Inserted 1872 candles
2026-08-10 10:31:21,773 - INFO - Cycle complete. README updated.
2026-08-10 10:46:03,823 - INFO - Starting fetch cycle
2026-08-10 10:46:04,563 - INFO - [NIFTY50] ETF volume merged from NIFTYBEES.NS
2026-08-10 10:46:04,565 - INFO - [NIFTY50] yfinance fetched 1872 rows
2026-08-10 10:46:05,371 - INFO - [NIFTY50] Inserted 1872 candles
2026-08-10 10:46:07,381 - INFO - Cycle complete. README updated.
2026-08-10 11:01:28,610 - INFO - Starting fetch cycle
2026-08-10 11:01:29,102 - INFO - [NIFTY50] ETF volume merged from NIFTYBEES.NS
2026-08-10 11:01:29,104 - INFO - [NIFTY50] yfinance fetched 1875 rows
2026-08-10 11:01:29,919 - INFO - [NIFTY50] Inserted 1875 candles
2026-08-10 11:01:31,928 - INFO - Cycle complete. README updated.
2026-08-10 11:16:01,873 - INFO - Starting fetch cycle
2026-08-10 11:16:03,147 - INFO - [NIFTY50] ETF volume merged from NIFTYBEES.NS
2026-08-10 11:16:03,148 - INFO - [NIFTY50] yfinance fetched 1875 rows
2026-08-10 11:16:03,889 - INFO - [NIFTY50] Inserted 1875 candles
2026-08-10 11:16:05,993 - INFO - Cycle complete. README updated.
2026-08-10 11:31:17,494 - INFO - Starting fetch cycle
2026-08-10 11:31:18,019 - INFO - [NIFTY50] ETF volume merged from NIFTYBEES.NS
2026-08-10 11:31:18,020 - INFO - [NIFTY50] yfinance fetched 1875 rows
2026-08-10 11:31:18,835 - INFO - [NIFTY50] Inserted 1875 candles
2026-08-10 11:31:20,845 - INFO - Cycle complete. README updated.
2026-08-10 11:32:40,287 - INFO - Starting fetch cycle
2026-08-10 11:32:40,768 - INFO - [NIFTY50] ETF volume merged from NIFTYBEES.NS
2026-08-10 11:32:40,770 - INFO - [NIFTY50] yfinance fetched 1875 rows
2026-08-10 11:32:41,371 - INFO - [NIFTY50] Inserted 1875 candles
2026-08-10 11:32:43,380 - INFO - Cycle complete. README updated.
2026-08-10 11:45:58,970 - INFO - Starting fetch cycle
2026-08-10 11:46:00,270 - INFO - [NIFTY50] ETF volume merged from NIFTYBEES.NS
2026-08-10 11:46:00,271 - INFO - [NIFTY50] yfinance fetched 1875 rows
2026-08-10 11:46:00,977 - INFO - [NIFTY50] Inserted 1875 candles
2026-08-10 11:46:02,987 - INFO - Cycle complete. README updated.
2026-08-10 12:01:40,148 - INFO - Starting fetch cycle
2026-08-10 12:01:40,701 - INFO - [NIFTY50] ETF volume merged from NIFTYBEES.NS
2026-08-10 12:01:40,703 - INFO - [NIFTY50] yfinance fetched 1875 rows
2026-08-10 12:01:41,504 - INFO - [NIFTY50] Inserted 1875 candles
2026-08-10 12:01:43,513 - INFO - Cycle complete. README updated.
2026-08-10 12:16:00,788 - INFO - Starting fetch cycle
2026-08-10 12:16:01,525 - INFO - [NIFTY50] ETF volume merged from NIFTYBEES.NS
2026-08-10 12:16:01,527 - INFO - [NIFTY50] yfinance fetched 1872 rows
2026-08-10 12:16:02,334 - INFO - [NIFTY50] Inserted 1872 candles
2026-08-10 12:16:04,343 - INFO - Cycle complete. README updated.
2026-08-10 12:31:22,862 - INFO - Starting fetch cycle
2026-08-10 12:31:23,425 - INFO - [NIFTY50] ETF volume merged from NIFTYBEES.NS
2026-08-10 12:31:23,426 - INFO - [NIFTY50] yfinance fetched 1872 rows
2026-08-10 12:31:24,234 - INFO - [NIFTY50] Inserted 1872 candles
2026-08-10 12:31:26,244 - INFO - Cycle complete. README updated.
2026-08-10 12:46:07,377 - INFO - Starting fetch cycle
2026-08-10 12:46:08,772 - INFO - [NIFTY50] ETF volume merged from NIFTYBEES.NS
2026-08-10 12:46:08,773 - INFO - [NIFTY50] yfinance fetched 1872 rows
2026-08-10 12:46:09,913 - INFO - [NIFTY50] Inserted 1872 candles
2026-08-10 12:46:11,940 - INFO - Cycle complete. README updated.
2026-08-10 13:01:33,635 - INFO - Starting fetch cycle
2026-08-10 13:01:34,425 - INFO - [NIFTY50] ETF volume merged from NIFTYBEES.NS
2026-08-10 13:01:34,426 - INFO - [NIFTY50] yfinance fetched 1875 rows
2026-08-10 13:01:35,020 - INFO - [NIFTY50] Inserted 1875 candles
2026-08-10 13:01:37,030 - INFO - Cycle complete. README updated.
2026-08-10 13:16:10,286 - INFO - Starting fetch cycle
2026-08-10 13:16:10,791 - INFO - [NIFTY50] ETF volume merged from NIFTYBEES.NS
2026-08-10 13:16:10,793 - INFO - [NIFTY50] yfinance fetched 1872 rows
2026-08-10 13:16:11,598 - INFO - [NIFTY50] Inserted 1872 candles
2026-08-10 13:16:13,607 - INFO - Cycle complete. README updated.
2026-08-10 13:31:33,474 - INFO - Starting fetch cycle
2026-08-10 13:31:33,921 - INFO - [NIFTY50] ETF volume merged from NIFTYBEES.NS
2026-08-10 13:31:33,922 - INFO - [NIFTY50] yfinance fetched 1872 rows
2026-08-10 13:31:34,738 - INFO - [NIFTY50] Inserted 1872 candles
2026-08-10 13:31:36,748 - INFO - Cycle complete. README updated.
2026-08-10 13:46:04,866 - INFO - Starting fetch cycle
2026-08-10 13:46:05,356 - INFO - [NIFTY50] ETF volume merged from NIFTYBEES.NS
2026-08-10 13:46:05,357 - INFO - [NIFTY50] yfinance fetched 1875 rows
2026-08-10 13:46:05,948 - INFO - [NIFTY50] Inserted 1875 candles
2026-08-10 13:46:07,957 - INFO - Cycle complete. README updated.
2026-08-10 14:01:34,281 - INFO - Starting fetch cycle
2026-08-10 14:01:34,939 - INFO - [NIFTY50] ETF volume merged from NIFTYBEES.NS
2026-08-10 14:01:34,940 - INFO - [NIFTY50] yfinance fetched 1875 rows
2026-08-10 14:01:35,524 - INFO - [NIFTY50] Inserted 1875 candles
2026-08-10 14:01:37,533 - INFO - Cycle complete. README updated.
2026-08-10 14:16:03,896 - INFO - Starting fetch cycle
2026-08-10 14:16:04,497 - INFO - [NIFTY50] ETF volume merged from NIFTYBEES.NS
2026-08-10 14:16:04,498 - INFO - [NIFTY50] yfinance fetched 1872 rows
2026-08-10 14:16:05,293 - INFO - [NIFTY50] Inserted 1872 candles
2026-08-10 14:16:07,302 - INFO - Cycle complete. README updated.
2026-08-10 14:31:38,490 - INFO - Starting fetch cycle
2026-08-10 14:31:39,081 - INFO - [NIFTY50] ETF volume merged from NIFTYBEES.NS
2026-08-10 14:31:39,083 - INFO - [NIFTY50] yfinance fetched 1872 rows
2026-08-10 14:31:39,890 - INFO - [NIFTY50] Inserted 1872 candles
2026-08-10 14:31:41,899 - INFO - Cycle complete. README updated.
2026-08-10 14:46:08,487 - INFO - Starting fetch cycle
2026-08-10 14:46:09,049 - INFO - [NIFTY50] ETF volume merged from NIFTYBEES.NS
2026-08-10 14:46:09,051 - INFO - [NIFTY50] yfinance fetched 1875 rows
2026-08-10 14:46:09,660 - INFO - [NIFTY50] Inserted 1875 candles
2026-08-10 14:46:11,670 - INFO - Cycle complete. README updated.
2026-08-10 15:01:41,277 - INFO - Starting fetch cycle
2026-08-10 15:01:41,884 - INFO - [NIFTY50] ETF volume merged from NIFTYBEES.NS
2026-08-10 15:01:41,885 - INFO - [NIFTY50] yfinance fetched 1872 rows
2026-08-10 15:01:42,668 - INFO - [NIFTY50] Inserted 1872 candles
2026-08-10 15:01:44,677 - INFO - Cycle complete. README updated.
2026-08-10 15:16:09,806 - INFO - Starting fetch cycle
2026-08-10 15:16:10,347 - INFO - [NIFTY50] ETF volume merged from NIFTYBEES.NS
2026-08-10 15:16:10,348 - INFO - [NIFTY50] yfinance fetched 1875 rows
2026-08-10 15:16:10,945 - INFO - [NIFTY50] Inserted 1875 candles
2026-08-10 15:16:12,954 - INFO - Cycle complete. README updated.
2026-08-10 15:31:39,837 - INFO - Starting fetch cycle
2026-08-10 15:31:41,234 - INFO - [NIFTY50] ETF volume merged from NIFTYBEES.NS
2026-08-10 15:31:41,236 - INFO - [NIFTY50] yfinance fetched 1872 rows
2026-08-10 15:31:42,075 - INFO - [NIFTY50] Inserted 1872 candles
2026-08-10 15:31:44,179 - INFO - Cycle complete. README updated.
2026-08-10 15:46:13,668 - INFO - Starting fetch cycle
2026-08-10 15:46:14,172 - INFO - [NIFTY50] ETF volume merged from NIFTYBEES.NS
2026-08-10 15:46:14,174 - INFO - [NIFTY50] yfinance fetched 1872 rows
2026-08-10 15:46:14,972 - INFO - [NIFTY50] Inserted 1872 candles
2026-08-10 15:46:16,982 - INFO - Cycle complete. README updated.
2026-08-10 16:01:37,153 - INFO - Starting fetch cycle
2026-08-10 16:01:37,750 - INFO - [NIFTY50] ETF volume merged from NIFTYBEES.NS
2026-08-10 16:01:37,751 - INFO - [NIFTY50] yfinance fetched 1872 rows
2026-08-10 16:01:38,559 - INFO - [NIFTY50] Inserted 1872 candles
2026-08-10 16:01:40,568 - INFO - Cycle complete. README updated.
2026-08-10 16:16:15,209 - INFO - Starting fetch cycle
2026-08-10 16:16:16,290 - INFO - [NIFTY50] ETF volume merged from NIFTYBEES.NS
2026-08-10 16:16:16,292 - INFO - [NIFTY50] yfinance fetched 1872 rows
2026-08-10 16:16:17,374 - INFO - [NIFTY50] Inserted 1872 candles
2026-08-10 16:16:19,407 - INFO - Cycle complete. README updated.
2026-08-10 16:31:25,259 - INFO - Starting fetch cycle
2026-08-10 16:31:25,866 - INFO - [NIFTY50] ETF volume merged from NIFTYBEES.NS
2026-08-10 16:31:25,868 - INFO - [NIFTY50] yfinance fetched 1872 rows
2026-08-10 16:31:26,672 - INFO - [NIFTY50] Inserted 1872 candles
2026-08-10 16:31:28,682 - INFO - Cycle complete. README updated.
2026-08-10 16:46:06,079 - INFO - Starting fetch cycle
2026-08-10 16:46:06,911 - INFO - [NIFTY50] ETF volume merged from NIFTYBEES.NS
2026-08-10 16:46:06,913 - INFO - [NIFTY50] yfinance fetched 1872 rows
2026-08-10 16:46:07,702 - INFO - [NIFTY50] Inserted 1872 candles
2026-08-10 16:46:09,711 - INFO - Cycle complete. README updated.
2026-08-10 17:01:36,908 - INFO - Starting fetch cycle
2026-08-10 17:01:38,061 - INFO - [NIFTY50] ETF volume merged from NIFTYBEES.NS
2026-08-10 17:01:38,063 - INFO - [NIFTY50] yfinance fetched 1875 rows
2026-08-10 17:01:38,754 - INFO - [NIFTY50] Inserted 1875 candles
2026-08-10 17:01:40,764 - INFO - Cycle complete. README updated.
2026-08-10 17:16:18,637 - INFO - Starting fetch cycle
2026-08-10 17:16:20,092 - INFO - [NIFTY50] ETF volume merged from NIFTYBEES.NS
2026-08-10 17:16:20,094 - INFO - [NIFTY50] yfinance fetched 1872 rows
2026-08-10 17:16:20,740 - INFO - [NIFTY50] Inserted 1872 candles
2026-08-10 17:16:22,750 - INFO - Cycle complete. README updated.
2026-08-10 17:31:23,130 - INFO - Starting fetch cycle
2026-08-10 17:31:23,672 - INFO - [NIFTY50] ETF volume merged from NIFTYBEES.NS
2026-08-10 17:31:23,674 - INFO - [NIFTY50] yfinance fetched 1875 rows
2026-08-10 17:31:24,313 - INFO - [NIFTY50] Inserted 1875 candles
2026-08-10 17:31:26,322 - INFO - Cycle complete. README updated.
2026-08-10 17:46:06,632 - INFO - Starting fetch cycle
2026-08-10 17:46:07,675 - INFO - [NIFTY50] ETF volume merged from NIFTYBEES.NS
2026-08-10 17:46:07,677 - INFO - [NIFTY50] yfinance fetched 1875 rows
2026-08-10 17:46:08,279 - INFO - [NIFTY50] Inserted 1875 candles
2026-08-10 17:46:10,289 - INFO - Cycle complete. README updated.
2026-08-10 18:01:31,044 - INFO - Starting fetch cycle
2026-08-10 18:01:31,502 - INFO - [NIFTY50] ETF volume merged from NIFTYBEES.NS
2026-08-10 18:01:31,503 - INFO - [NIFTY50] yfinance fetched 1875 rows
2026-08-10 18:01:32,091 - INFO - [NIFTY50] Inserted 1875 candles
2026-08-10 18:01:34,100 - INFO - Cycle complete. README updated.
2026-08-10 18:15:59,196 - INFO - Starting fetch cycle
2026-08-10 18:15:59,697 - INFO - [NIFTY50] ETF volume merged from NIFTYBEES.NS
2026-08-10 18:15:59,698 - INFO - [NIFTY50] yfinance fetched 1875 rows
2026-08-10 18:16:00,528 - INFO - [NIFTY50] Inserted 1875 candles
2026-08-10 18:16:02,537 - INFO - Cycle complete. README updated.
2026-08-10 18:31:21,426 - INFO - Starting fetch cycle
2026-08-10 18:31:21,912 - INFO - [NIFTY50] ETF volume merged from NIFTYBEES.NS
2026-08-10 18:31:21,913 - INFO - [NIFTY50] yfinance fetched 1875 rows
2026-08-10 18:31:22,505 - INFO - [NIFTY50] Inserted 1875 candles
2026-08-10 18:31:24,512 - INFO - Cycle complete. README updated.
2026-08-10 18:46:11,931 - INFO - Starting fetch cycle
2026-08-10 18:46:13,208 - INFO - [NIFTY50] ETF volume merged from NIFTYBEES.NS
2026-08-10 18:46:13,209 - INFO - [NIFTY50] yfinance fetched 1872 rows
2026-08-10 18:46:14,211 - INFO - [NIFTY50] Inserted 1872 candles
2026-08-10 18:46:16,217 - INFO - Cycle complete. README updated.
2026-08-10 19:01:39,679 - INFO - Starting fetch cycle
2026-08-10 19:01:41,068 - INFO - [NIFTY50] ETF volume merged from NIFTYBEES.NS
2026-08-10 19:01:41,069 - INFO - [NIFTY50] yfinance fetched 1875 rows
2026-08-10 19:01:41,523 - INFO - [NIFTY50] Inserted 1875 candles
2026-08-10 19:01:43,528 - INFO - Cycle complete. README updated.
2026-08-10 19:16:01,568 - INFO - Starting fetch cycle
2026-08-10 19:16:02,437 - INFO - [NIFTY50] ETF volume merged from NIFTYBEES.NS
2026-08-10 19:16:02,439 - INFO - [NIFTY50] yfinance fetched 1872 rows
2026-08-10 19:16:03,224 - INFO - [NIFTY50] Inserted 1872 candles
2026-08-10 19:16:05,232 - INFO - Cycle complete. README updated.
2026-08-10 19:31:21,772 - INFO - Starting fetch cycle
2026-08-10 19:31:22,856 - INFO - [NIFTY50] ETF volume merged from NIFTYBEES.NS
2026-08-10 19:31:22,857 - INFO - [NIFTY50] yfinance fetched 1875 rows
2026-08-10 19:31:23,649 - INFO - [NIFTY50] Inserted 1875 candles
2026-08-10 19:31:25,768 - INFO - Cycle complete. README updated.
2026-08-10 19:45:57,070 - INFO - Starting fetch cycle
2026-08-10 19:45:57,674 - INFO - [NIFTY50] ETF volume merged from NIFTYBEES.NS
2026-08-10 19:45:57,676 - INFO - [NIFTY50] yfinance fetched 1875 rows
2026-08-10 19:45:58,550 - INFO - [NIFTY50] Inserted 1875 candles
2026-08-10 19:46:00,558 - INFO - Cycle complete. README updated.
2026-08-10 20:01:35,165 - INFO - Starting fetch cycle
2026-08-10 20:01:36,003 - INFO - [NIFTY50] ETF volume merged from NIFTYBEES.NS
2026-08-10 20:01:36,005 - INFO - [NIFTY50] yfinance fetched 1875 rows
2026-08-10 20:01:36,655 - INFO - [NIFTY50] Inserted 1875 candles
2026-08-10 20:01:38,663 - INFO - Cycle complete. README updated.
2026-08-10 20:16:00,296 - INFO - Starting fetch cycle
2026-08-10 20:16:01,202 - INFO - [NIFTY50] ETF volume merged from NIFTYBEES.NS
2026-08-10 20:16:01,203 - INFO - [NIFTY50] yfinance fetched 1875 rows
2026-08-10 20:16:01,898 - INFO - [NIFTY50] Inserted 1875 candles
2026-08-10 20:16:03,905 - INFO - Cycle complete. README updated.
2026-08-10 20:31:20,061 - INFO - Starting fetch cycle
2026-08-10 20:31:20,581 - INFO - [NIFTY50] ETF volume merged from NIFTYBEES.NS
2026-08-10 20:31:20,582 - INFO - [NIFTY50] yfinance fetched 1875 rows
2026-08-10 20:31:21,176 - INFO - [NIFTY50] Inserted 1875 candles
2026-08-10 20:31:23,183 - INFO - Cycle complete. README updated.
2026-08-10 20:46:00,807 - INFO - Starting fetch cycle
2026-08-10 20:46:01,881 - INFO - [NIFTY50] ETF volume merged from NIFTYBEES.NS
2026-08-10 20:46:01,883 - INFO - [NIFTY50] yfinance fetched 1875 rows
2026-08-10 20:46:02,705 - INFO - [NIFTY50] Inserted 1875 candles
2026-08-10 20:46:04,712 - INFO - Cycle complete. README updated.
2026-08-10 21:01:31,924 - INFO - Starting fetch cycle
2026-08-10 21:01:32,530 - INFO - [NIFTY50] ETF volume merged from NIFTYBEES.NS
2026-08-10 21:01:32,531 - INFO - [NIFTY50] yfinance fetched 1875 rows
2026-08-10 21:01:33,118 - INFO - [NIFTY50] Inserted 1875 candles
2026-08-10 21:01:35,126 - INFO - Cycle complete. README updated.
2026-08-10 21:16:01,425 - INFO - Starting fetch cycle
2026-08-10 21:16:01,987 - INFO - [NIFTY50] ETF volume merged from NIFTYBEES.NS
2026-08-10 21:16:01,989 - INFO - [NIFTY50] yfinance fetched 1872 rows
2026-08-10 21:16:02,804 - INFO - [NIFTY50] Inserted 1872 candles
2026-08-10 21:16:04,812 - INFO - Cycle complete. README updated.
2026-08-10 21:31:16,731 - INFO - Starting fetch cycle
2026-08-10 21:31:17,287 - INFO - [NIFTY50] ETF volume merged from NIFTYBEES.NS
2026-08-10 21:31:17,288 - INFO - [NIFTY50] yfinance fetched 1875 rows
2026-08-10 21:31:17,879 - INFO - [NIFTY50] Inserted 1875 candles
2026-08-10 21:31:19,887 - INFO - Cycle complete. README updated.
2026-08-10 21:45:57,261 - INFO - Starting fetch cycle
2026-08-10 21:45:57,878 - INFO - [NIFTY50] ETF volume merged from NIFTYBEES.NS
2026-08-10 21:45:57,879 - INFO - [NIFTY50] yfinance fetched 1875 rows
2026-08-10 21:45:58,466 - INFO - [NIFTY50] Inserted 1875 candles
2026-08-10 21:46:00,473 - INFO - Cycle complete. README updated.
2026-08-10 22:01:35,237 - INFO - Starting fetch cycle
2026-08-10 22:01:35,706 - INFO - [NIFTY50] ETF volume merged from NIFTYBEES.NS
2026-08-10 22:01:35,707 - INFO - [NIFTY50] yfinance fetched 1875 rows
2026-08-10 22:01:36,509 - INFO - [NIFTY50] Inserted 1875 candles
2026-08-10 22:01:38,517 - INFO - Cycle complete. README updated.
2026-08-10 22:15:59,770 - INFO - Starting fetch cycle
2026-08-10 22:16:00,231 - INFO - [NIFTY50] ETF volume merged from NIFTYBEES.NS
2026-08-10 22:16:00,233 - INFO - [NIFTY50] yfinance fetched 1875 rows
2026-08-10 22:16:01,028 - INFO - [NIFTY50] Inserted 1875 candles
2026-08-10 22:16:03,036 - INFO - Cycle complete. README updated.
2026-08-10 22:31:24,631 - INFO - Starting fetch cycle
2026-08-10 22:31:25,190 - INFO - [NIFTY50] ETF volume merged from NIFTYBEES.NS
2026-08-10 22:31:25,191 - INFO - [NIFTY50] yfinance fetched 1875 rows
2026-08-10 22:31:25,981 - INFO - [NIFTY50] Inserted 1875 candles
2026-08-10 22:31:27,989 - INFO - Cycle complete. README updated.
2026-08-10 22:45:55,166 - INFO - Starting fetch cycle
2026-08-10 22:45:55,684 - INFO - [NIFTY50] ETF volume merged from NIFTYBEES.NS
2026-08-10 22:45:55,685 - INFO - [NIFTY50] yfinance fetched 1875 rows
2026-08-10 22:45:56,282 - INFO - [NIFTY50] Inserted 1875 candles
2026-08-10 22:45:58,290 - INFO - Cycle complete. README updated.
2026-08-10 23:01:32,186 - INFO - Starting fetch cycle
2026-08-10 23:01:33,086 - INFO - [NIFTY50] ETF volume merged from NIFTYBEES.NS
2026-08-10 23:01:33,088 - INFO - [NIFTY50] yfinance fetched 1872 rows
2026-08-10 23:01:33,886 - INFO - [NIFTY50] Inserted 1872 candles
2026-08-10 23:01:35,894 - INFO - Cycle complete. README updated.
2026-08-10 23:15:54,812 - INFO - Starting fetch cycle
2026-08-10 23:15:55,859 - INFO - [NIFTY50] ETF volume merged from NIFTYBEES.NS
2026-08-10 23:15:55,860 - INFO - [NIFTY50] yfinance fetched 1875 rows
2026-08-10 23:15:56,397 - INFO - [NIFTY50] Inserted 1875 candles
2026-08-10 23:15:58,403 - INFO - Cycle complete. README updated.
2026-08-10 23:31:21,843 - INFO - Starting fetch cycle
2026-08-10 23:31:23,018 - INFO - [NIFTY50] ETF volume merged from NIFTYBEES.NS
2026-08-10 23:31:23,019 - INFO - [NIFTY50] yfinance fetched 1875 rows
2026-08-10 23:31:23,821 - INFO - [NIFTY50] Inserted 1875 candles
2026-08-10 23:31:25,829 - INFO - Cycle complete. README updated.
2026-08-10 23:46:00,525 - INFO - Starting fetch cycle
2026-08-10 23:46:01,350 - INFO - [NIFTY50] ETF volume merged from NIFTYBEES.NS
2026-08-10 23:46:01,351 - INFO - [NIFTY50] yfinance fetched 1872 rows
2026-08-10 23:46:02,152 - INFO - [NIFTY50] Inserted 1872 candles
2026-08-10 23:46:04,160 - INFO - Cycle complete. README updated.
2026-08-11 00:01:34,887 - INFO - Starting fetch cycle
2026-08-11 00:01:35,828 - INFO - [NIFTY50] ETF volume merged from NIFTYBEES.NS
2026-08-11 00:01:35,830 - INFO - [NIFTY50] yfinance fetched 1875 rows
2026-08-11 00:01:36,528 - INFO - [NIFTY50] Inserted 1875 candles
2026-08-11 00:01:38,536 - INFO - Cycle complete. README updated.
2026-08-11 00:15:59,440 - INFO - Starting fetch cycle
2026-08-11 00:16:01,097 - INFO - [NIFTY50] ETF volume merged from NIFTYBEES.NS
2026-08-11 00:16:01,098 - INFO - [NIFTY50] yfinance fetched 1875 rows
2026-08-11 00:16:01,691 - INFO - [NIFTY50] Inserted 1875 candles
2026-08-11 00:16:03,699 - INFO - Cycle complete. README updated.
2026-08-11 00:31:14,242 - INFO - Starting fetch cycle
2026-08-11 00:31:14,780 - INFO - [NIFTY50] ETF volume merged from NIFTYBEES.NS
2026-08-11 00:31:14,782 - INFO - [NIFTY50] yfinance fetched 1875 rows
2026-08-11 00:31:15,372 - INFO - [NIFTY50] Inserted 1875 candles
2026-08-11 00:31:17,380 - INFO - Cycle complete. README updated.
2026-08-11 00:46:00,051 - INFO - Starting fetch cycle
2026-08-11 00:46:01,211 - INFO - [NIFTY50] ETF volume merged from NIFTYBEES.NS
2026-08-11 00:46:01,212 - INFO - [NIFTY50] yfinance fetched 1875 rows
2026-08-11 00:46:01,811 - INFO - [NIFTY50] Inserted 1875 candles
2026-08-11 00:46:03,818 - INFO - Cycle complete. README updated.
2026-08-11 01:01:30,082 - INFO - Starting fetch cycle
2026-08-11 01:01:30,722 - INFO - [NIFTY50] ETF volume merged from NIFTYBEES.NS
2026-08-11 01:01:30,723 - INFO - [NIFTY50] yfinance fetched 1872 rows
2026-08-11 01:01:31,521 - INFO - [NIFTY50] Inserted 1872 candles
2026-08-11 01:01:33,529 - INFO - Cycle complete. README updated.
2026-08-11 01:15:58,014 - INFO - Starting fetch cycle
2026-08-11 01:15:58,546 - INFO - [NIFTY50] ETF volume merged from NIFTYBEES.NS
2026-08-11 01:15:58,547 - INFO - [NIFTY50] yfinance fetched 1875 rows
2026-08-11 01:15:59,138 - INFO - [NIFTY50] Inserted 1875 candles
2026-08-11 01:16:01,146 - INFO - Cycle complete. README updated.
2026-08-11 01:31:17,057 - INFO - Starting fetch cycle
2026-08-11 01:31:18,687 - INFO - [NIFTY50] ETF volume merged from NIFTYBEES.NS
2026-08-11 01:31:18,689 - INFO - [NIFTY50] yfinance fetched 1872 rows
2026-08-11 01:31:19,378 - INFO - [NIFTY50] Inserted 1872 candles
2026-08-11 01:31:21,385 - INFO - Cycle complete. README updated.
2026-08-11 01:45:58,906 - INFO - Starting fetch cycle
2026-08-11 01:45:59,405 - INFO - [NIFTY50] ETF volume merged from NIFTYBEES.NS
2026-08-11 01:45:59,407 - INFO - [NIFTY50] yfinance fetched 1872 rows
2026-08-11 01:46:00,210 - INFO - [NIFTY50] Inserted 1872 candles
2026-08-11 01:46:02,218 - INFO - Cycle complete. README updated.
2026-08-11 02:01:36,077 - INFO - Starting fetch cycle
2026-08-11 02:01:37,317 - INFO - [NIFTY50] ETF volume merged from NIFTYBEES.NS
2026-08-11 02:01:37,319 - INFO - [NIFTY50] yfinance fetched 1875 rows
2026-08-11 02:01:37,905 - INFO - [NIFTY50] Inserted 1875 candles
2026-08-11 02:01:39,912 - INFO - Cycle complete. README updated.
2026-08-11 02:15:58,738 - INFO - Starting fetch cycle
2026-08-11 02:15:59,623 - INFO - [NIFTY50] ETF volume merged from NIFTYBEES.NS
2026-08-11 02:15:59,625 - INFO - [NIFTY50] yfinance fetched 1872 rows
2026-08-11 02:16:00,157 - INFO - [NIFTY50] Inserted 1872 candles
2026-08-11 02:16:02,164 - INFO - Cycle complete. README updated.
2026-08-11 02:31:19,728 - INFO - Starting fetch cycle
2026-08-11 02:31:20,198 - INFO - [NIFTY50] ETF volume merged from NIFTYBEES.NS
2026-08-11 02:31:20,200 - INFO - [NIFTY50] yfinance fetched 1872 rows
2026-08-11 02:31:21,007 - INFO - [NIFTY50] Inserted 1872 candles
2026-08-11 02:31:23,014 - INFO - Cycle complete. README updated.
2026-08-11 02:45:58,771 - INFO - Starting fetch cycle
2026-08-11 02:45:59,200 - INFO - [NIFTY50] ETF volume merged from NIFTYBEES.NS
2026-08-11 02:45:59,201 - INFO - [NIFTY50] yfinance fetched 1875 rows
2026-08-11 02:45:59,993 - INFO - [NIFTY50] Inserted 1875 candles
2026-08-11 02:46:02,001 - INFO - Cycle complete. README updated.
2026-08-11 03:01:28,900 - INFO - Starting fetch cycle
2026-08-11 03:01:29,465 - INFO - [NIFTY50] ETF volume merged from NIFTYBEES.NS
2026-08-11 03:01:29,466 - INFO - [NIFTY50] yfinance fetched 1872 rows
2026-08-11 03:01:30,312 - INFO - [NIFTY50] Inserted 1872 candles
2026-08-11 03:01:32,320 - INFO - Cycle complete. README updated.
2026-08-11 03:15:59,476 - INFO - Starting fetch cycle
2026-08-11 03:15:59,986 - INFO - [NIFTY50] ETF volume merged from NIFTYBEES.NS
2026-08-11 03:15:59,987 - INFO - [NIFTY50] yfinance fetched 1872 rows
2026-08-11 03:16:00,771 - INFO - [NIFTY50] Inserted 1872 candles
2026-08-11 03:16:02,779 - INFO - Cycle complete. README updated.
2026-08-11 03:31:14,171 - INFO - Starting fetch cycle
2026-08-11 03:31:14,614 - INFO - [NIFTY50] ETF volume merged from NIFTYBEES.NS
2026-08-11 03:31:14,616 - INFO - [NIFTY50] yfinance fetched 1875 rows
2026-08-11 03:31:15,409 - INFO - [NIFTY50] Inserted 1875 candles
2026-08-11 03:31:17,416 - INFO - Cycle complete. README updated.
2026-08-11 03:46:08,322 - INFO - Starting fetch cycle
2026-08-11 03:46:08,885 - INFO - [NIFTY50] ETF volume merged from NIFTYBEES.NS
2026-08-11 03:46:08,887 - INFO - [NIFTY50] yfinance fetched 1499 rows
2026-08-11 03:46:09,550 - INFO - [NIFTY50] Inserted 1499 candles
2026-08-11 03:46:11,560 - INFO - Cycle complete. README updated.
2026-08-11 04:01:33,028 - INFO - Starting fetch cycle
2026-08-11 04:01:34,397 - INFO - [NIFTY50] ETF volume merged from NIFTYBEES.NS
2026-08-11 04:01:34,399 - INFO - [NIFTY50] yfinance fetched 1517 rows
2026-08-11 04:01:34,879 - INFO - [NIFTY50] Inserted 1517 candles
2026-08-11 04:01:36,886 - INFO - Cycle complete. README updated.
2026-08-11 04:15:59,171 - INFO - Starting fetch cycle
2026-08-11 04:15:59,643 - INFO - [NIFTY50] ETF volume merged from NIFTYBEES.NS
2026-08-11 04:15:59,644 - INFO - [NIFTY50] yfinance fetched 1531 rows
2026-08-11 04:16:00,299 - INFO - [NIFTY50] Inserted 1531 candles
2026-08-11 04:16:02,309 - INFO - Cycle complete. README updated.
2026-08-11 04:31:33,024 - INFO - Starting fetch cycle
2026-08-11 04:31:33,481 - INFO - [NIFTY50] ETF volume merged from NIFTYBEES.NS
2026-08-11 04:31:33,482 - INFO - [NIFTY50] yfinance fetched 1544 rows
2026-08-11 04:31:34,166 - INFO - [NIFTY50] Inserted 1544 candles
2026-08-11 04:31:36,175 - INFO - Cycle complete. README updated.
2026-08-11 04:46:30,020 - INFO - Starting fetch cycle
2026-08-11 04:46:31,276 - INFO - [NIFTY50] ETF volume merged from NIFTYBEES.NS
2026-08-11 04:46:31,277 - INFO - [NIFTY50] yfinance fetched 1562 rows
2026-08-11 04:46:31,906 - INFO - [NIFTY50] Inserted 1562 candles
2026-08-11 04:46:33,914 - INFO - Cycle complete. README updated.
2026-08-11 05:01:33,428 - INFO - Starting fetch cycle
2026-08-11 05:01:33,966 - INFO - [NIFTY50] ETF volume merged from NIFTYBEES.NS
2026-08-11 05:01:33,967 - INFO - [NIFTY50] yfinance fetched 1577 rows
2026-08-11 05:01:34,480 - INFO - [NIFTY50] Inserted 1577 candles
2026-08-11 05:01:36,489 - INFO - Cycle complete. README updated.
2026-08-11 05:15:59,365 - INFO - Starting fetch cycle
2026-08-11 05:16:00,435 - INFO - [NIFTY50] ETF volume merged from NIFTYBEES.NS
2026-08-11 05:16:00,437 - INFO - [NIFTY50] yfinance fetched 1591 rows
2026-08-11 05:16:01,108 - INFO - [NIFTY50] Inserted 1591 candles
2026-08-11 05:16:03,117 - INFO - Cycle complete. README updated.
2026-08-11 05:31:18,681 - INFO - Starting fetch cycle
2026-08-11 05:31:19,137 - INFO - [NIFTY50] ETF volume merged from NIFTYBEES.NS
2026-08-11 05:31:19,138 - INFO - [NIFTY50] yfinance fetched 1604 rows
2026-08-11 05:31:19,818 - INFO - [NIFTY50] Inserted 1604 candles
2026-08-11 05:31:21,827 - INFO - Cycle complete. README updated.
2026-08-11 05:46:05,824 - INFO - Starting fetch cycle
2026-08-11 05:46:06,247 - INFO - [NIFTY50] ETF volume merged from NIFTYBEES.NS
2026-08-11 05:46:06,249 - INFO - [NIFTY50] yfinance fetched 1619 rows
2026-08-11 05:46:06,955 - INFO - [NIFTY50] Inserted 1619 candles
2026-08-11 05:46:08,964 - INFO - Cycle complete. README updated.
2026-08-11 06:01:31,048 - INFO - Starting fetch cycle
2026-08-11 06:01:31,633 - INFO - [NIFTY50] ETF volume merged from NIFTYBEES.NS
2026-08-11 06:01:31,634 - INFO - [NIFTY50] yfinance fetched 1637 rows
2026-08-11 06:01:32,159 - INFO - [NIFTY50] Inserted 1637 candles
2026-08-11 06:01:34,168 - INFO - Cycle complete. README updated.
2026-08-11 06:03:22,451 - INFO - Starting fetch cycle
2026-08-11 06:03:22,887 - INFO - [NIFTY50] ETF volume merged from NIFTYBEES.NS
2026-08-11 06:03:22,889 - INFO - [NIFTY50] yfinance fetched 1639 rows
2026-08-11 06:03:23,413 - INFO - [NIFTY50] Inserted 1639 candles
2026-08-11 06:03:25,422 - INFO - Cycle complete. README updated.
2026-08-11 06:15:58,057 - INFO - Starting fetch cycle
2026-08-11 06:15:58,488 - INFO - [NIFTY50] ETF volume merged from NIFTYBEES.NS
2026-08-11 06:15:58,489 - INFO - [NIFTY50] yfinance fetched 1651 rows
2026-08-11 06:15:59,036 - INFO - [NIFTY50] Inserted 1651 candles
2026-08-11 06:16:01,045 - INFO - Cycle complete. README updated.
2026-08-11 06:31:19,442 - INFO - Starting fetch cycle
2026-08-11 06:31:20,315 - INFO - [NIFTY50] ETF volume merged from NIFTYBEES.NS
2026-08-11 06:31:20,316 - INFO - [NIFTY50] yfinance fetched 1664 rows
2026-08-11 06:31:21,032 - INFO - [NIFTY50] Inserted 1664 candles
2026-08-11 06:31:23,041 - INFO - Cycle complete. README updated.
2026-08-11 06:45:59,400 - INFO - Starting fetch cycle
2026-08-11 06:45:59,891 - INFO - [NIFTY50] ETF volume merged from NIFTYBEES.NS
2026-08-11 06:45:59,893 - INFO - [NIFTY50] yfinance fetched 1678 rows
2026-08-11 06:46:00,614 - INFO - [NIFTY50] Inserted 1678 candles
2026-08-11 06:46:02,623 - INFO - Cycle complete. README updated.
2026-08-11 07:01:33,121 - INFO - Starting fetch cycle
2026-08-11 07:01:34,325 - INFO - [NIFTY50] ETF volume merged from NIFTYBEES.NS
2026-08-11 07:01:34,326 - INFO - [NIFTY50] yfinance fetched 1697 rows
2026-08-11 07:01:34,868 - INFO - [NIFTY50] Inserted 1697 candles
2026-08-11 07:01:36,877 - INFO - Cycle complete. README updated.
2026-08-11 07:16:00,294 - INFO - Starting fetch cycle
2026-08-11 07:16:00,737 - INFO - [NIFTY50] ETF volume merged from NIFTYBEES.NS
2026-08-11 07:16:00,738 - INFO - [NIFTY50] yfinance fetched 1711 rows
2026-08-11 07:16:01,291 - INFO - [NIFTY50] Inserted 1711 candles
2026-08-11 07:16:03,306 - INFO - Cycle complete. README updated.
2026-08-11 07:31:23,238 - INFO - Starting fetch cycle
2026-08-11 07:31:23,694 - INFO - [NIFTY50] ETF volume merged from NIFTYBEES.NS
2026-08-11 07:31:23,695 - INFO - [NIFTY50] yfinance fetched 1724 rows
2026-08-11 07:31:24,447 - INFO - [NIFTY50] Inserted 1724 candles
2026-08-11 07:31:26,456 - INFO - Cycle complete. README updated.
2026-08-11 07:46:07,912 - INFO - Starting fetch cycle
2026-08-11 07:46:08,425 - INFO - [NIFTY50] ETF volume merged from NIFTYBEES.NS
2026-08-11 07:46:08,427 - INFO - [NIFTY50] yfinance fetched 1739 rows
2026-08-11 07:46:09,184 - INFO - [NIFTY50] Inserted 1739 candles
2026-08-11 07:46:11,194 - INFO - Cycle complete. README updated.
2026-08-11 08:01:34,548 - INFO - Starting fetch cycle
2026-08-11 08:01:35,048 - INFO - [NIFTY50] ETF volume merged from NIFTYBEES.NS
2026-08-11 08:01:35,049 - INFO - [NIFTY50] yfinance fetched 1757 rows
2026-08-11 08:01:35,828 - INFO - [NIFTY50] Inserted 1757 candles
2026-08-11 08:01:37,838 - INFO - Cycle complete. README updated.
2026-08-11 08:16:09,112 - INFO - Starting fetch cycle
2026-08-11 08:16:10,259 - INFO - [NIFTY50] ETF volume merged from NIFTYBEES.NS
2026-08-11 08:16:10,261 - INFO - [NIFTY50] yfinance fetched 1772 rows
2026-08-11 08:16:10,746 - INFO - [NIFTY50] Inserted 1772 candles
2026-08-11 08:16:12,753 - INFO - Cycle complete. README updated.
2026-08-11 08:31:28,644 - INFO - Starting fetch cycle
2026-08-11 08:31:29,182 - INFO - [NIFTY50] ETF volume merged from NIFTYBEES.NS
2026-08-11 08:31:29,183 - INFO - [NIFTY50] yfinance fetched 1784 rows
2026-08-11 08:31:29,941 - INFO - [NIFTY50] Inserted 1784 candles
2026-08-11 08:31:31,950 - INFO - Cycle complete. README updated.
2026-08-11 08:45:59,974 - INFO - Starting fetch cycle
2026-08-11 08:46:00,802 - INFO - [NIFTY50] ETF volume merged from NIFTYBEES.NS
2026-08-11 08:46:00,804 - INFO - [NIFTY50] yfinance fetched 1798 rows
2026-08-11 08:46:01,602 - INFO - [NIFTY50] Inserted 1798 candles
2026-08-11 08:46:03,612 - INFO - Cycle complete. README updated.
2026-08-11 09:01:35,069 - INFO - Starting fetch cycle
2026-08-11 09:01:36,067 - INFO - [NIFTY50] ETF volume merged from NIFTYBEES.NS
2026-08-11 09:01:36,068 - INFO - [NIFTY50] yfinance fetched 1817 rows
2026-08-11 09:01:36,856 - INFO - [NIFTY50] Inserted 1817 candles
2026-08-11 09:01:38,866 - INFO - Cycle complete. README updated.
2026-08-11 09:16:20,834 - INFO - Starting fetch cycle
2026-08-11 09:16:21,449 - INFO - [NIFTY50] ETF volume merged from NIFTYBEES.NS
2026-08-11 09:16:21,451 - INFO - [NIFTY50] yfinance fetched 1832 rows
2026-08-11 09:16:22,030 - INFO - [NIFTY50] Inserted 1832 candles
2026-08-11 09:16:24,039 - INFO - Cycle complete. README updated.
2026-08-11 09:44:57,208 - INFO - Starting fetch cycle
2026-08-11 09:44:57,637 - INFO - [NIFTY50] ETF volume merged from NIFTYBEES.NS
2026-08-11 09:44:57,638 - INFO - [NIFTY50] yfinance fetched 1857 rows
2026-08-11 09:44:58,115 - INFO - [NIFTY50] Inserted 1857 candles
2026-08-11 09:45:00,122 - INFO - Cycle complete. README updated.
2026-08-11 10:01:43,139 - INFO - Starting fetch cycle
2026-08-11 10:01:43,561 - INFO - [NIFTY50] ETF volume merged from NIFTYBEES.NS
2026-08-11 10:01:43,562 - INFO - [NIFTY50] yfinance fetched 1875 rows
2026-08-11 10:01:44,152 - INFO - [NIFTY50] Inserted 1875 candles
2026-08-11 10:01:46,162 - INFO - Cycle complete. README updated.
2026-08-11 10:16:09,061 - INFO - Starting fetch cycle
2026-08-11 10:16:09,560 - INFO - [NIFTY50] ETF volume merged from NIFTYBEES.NS
2026-08-11 10:16:09,562 - INFO - [NIFTY50] yfinance fetched 1875 rows
2026-08-11 10:16:10,375 - INFO - [NIFTY50] Inserted 1875 candles
2026-08-11 10:16:12,385 - INFO - Cycle complete. README updated.
2026-08-11 10:31:18,035 - INFO - Starting fetch cycle
2026-08-11 10:31:18,522 - INFO - [NIFTY50] ETF volume merged from NIFTYBEES.NS
2026-08-11 10:31:18,524 - INFO - [NIFTY50] yfinance fetched 1875 rows
2026-08-11 10:31:19,136 - INFO - [NIFTY50] Inserted 1875 candles
2026-08-11 10:31:21,145 - INFO - Cycle complete. README updated.
2026-08-11 10:46:11,326 - INFO - Starting fetch cycle
2026-08-11 10:46:12,748 - INFO - [NIFTY50] ETF volume merged from NIFTYBEES.NS
2026-08-11 10:46:12,749 - INFO - [NIFTY50] yfinance fetched 1875 rows
2026-08-11 10:46:14,208 - INFO - [NIFTY50] Inserted 1875 candles
2026-08-11 10:46:16,215 - INFO - Cycle complete. README updated.
2026-08-11 11:01:32,304 - INFO - Starting fetch cycle
2026-08-11 11:01:32,891 - INFO - [NIFTY50] ETF volume merged from NIFTYBEES.NS
2026-08-11 11:01:32,893 - INFO - [NIFTY50] yfinance fetched 1872 rows
2026-08-11 11:01:33,686 - INFO - [NIFTY50] Inserted 1872 candles
2026-08-11 11:01:35,695 - INFO - Cycle complete. README updated.
2026-08-11 11:15:58,062 - INFO - Starting fetch cycle
2026-08-11 11:15:58,527 - INFO - [NIFTY50] ETF volume merged from NIFTYBEES.NS
2026-08-11 11:15:58,528 - INFO - [NIFTY50] yfinance fetched 1875 rows
2026-08-11 11:15:59,328 - INFO - [NIFTY50] Inserted 1875 candles
2026-08-11 11:16:01,337 - INFO - Cycle complete. README updated.
2026-08-11 11:31:16,864 - INFO - Starting fetch cycle
2026-08-11 11:31:18,160 - INFO - [NIFTY50] ETF volume merged from NIFTYBEES.NS
2026-08-11 11:31:18,161 - INFO - [NIFTY50] yfinance fetched 1875 rows
2026-08-11 11:31:18,754 - INFO - [NIFTY50] Inserted 1875 candles
2026-08-11 11:31:20,763 - INFO - Cycle complete. README updated.
2026-08-11 11:46:06,415 - INFO - Starting fetch cycle
2026-08-11 11:46:07,097 - INFO - [NIFTY50] ETF volume merged from NIFTYBEES.NS
2026-08-11 11:46:07,098 - INFO - [NIFTY50] yfinance fetched 1875 rows
2026-08-11 11:46:07,688 - INFO - [NIFTY50] Inserted 1875 candles
2026-08-11 11:46:09,697 - INFO - Cycle complete. README updated.
2026-08-11 12:01:35,746 - INFO - Starting fetch cycle
2026-08-11 12:01:36,363 - INFO - [NIFTY50] ETF volume merged from NIFTYBEES.NS
2026-08-11 12:01:36,364 - INFO - [NIFTY50] yfinance fetched 1875 rows
2026-08-11 12:01:36,962 - INFO - [NIFTY50] Inserted 1875 candles
2026-08-11 12:01:38,971 - INFO - Cycle complete. README updated.
2026-08-11 12:03:01,182 - INFO - Starting fetch cycle
2026-08-11 12:03:01,706 - INFO - [NIFTY50] ETF volume merged from NIFTYBEES.NS
2026-08-11 12:03:01,708 - INFO - [NIFTY50] yfinance fetched 1875 rows
2026-08-11 12:03:02,302 - INFO - [NIFTY50] Inserted 1875 candles
2026-08-11 12:03:04,311 - INFO - Cycle complete. README updated.
2026-08-11 12:16:00,393 - INFO - Starting fetch cycle
2026-08-11 12:16:00,975 - INFO - [NIFTY50] ETF volume merged from NIFTYBEES.NS
2026-08-11 12:16:00,977 - INFO - [NIFTY50] yfinance fetched 1875 rows
2026-08-11 12:16:01,574 - INFO - [NIFTY50] Inserted 1875 candles
2026-08-11 12:16:03,583 - INFO - Cycle complete. README updated.
2026-08-11 12:31:25,750 - INFO - Starting fetch cycle
2026-08-11 12:31:27,204 - INFO - [NIFTY50] ETF volume merged from NIFTYBEES.NS
2026-08-11 12:31:27,205 - INFO - [NIFTY50] yfinance fetched 1875 rows
2026-08-11 12:31:27,766 - INFO - [NIFTY50] Inserted 1875 candles
2026-08-11 12:31:29,803 - INFO - Cycle complete. README updated.
2026-08-11 12:46:02,489 - INFO - Starting fetch cycle
2026-08-11 12:46:03,006 - INFO - [NIFTY50] ETF volume merged from NIFTYBEES.NS
2026-08-11 12:46:03,007 - INFO - [NIFTY50] yfinance fetched 1872 rows
2026-08-11 12:46:03,872 - INFO - [NIFTY50] Inserted 1872 candles
2026-08-11 12:46:05,881 - INFO - Cycle complete. README updated.
2026-08-11 13:01:40,677 - INFO - Starting fetch cycle
2026-08-11 13:01:41,276 - INFO - [NIFTY50] ETF volume merged from NIFTYBEES.NS
2026-08-11 13:01:41,278 - INFO - [NIFTY50] yfinance fetched 1872 rows
2026-08-11 13:01:42,079 - INFO - [NIFTY50] Inserted 1872 candles
2026-08-11 13:01:44,089 - INFO - Cycle complete. README updated.
2026-08-11 13:16:10,790 - INFO - Starting fetch cycle
2026-08-11 13:16:11,290 - INFO - [NIFTY50] ETF volume merged from NIFTYBEES.NS
2026-08-11 13:16:11,291 - INFO - [NIFTY50] yfinance fetched 1872 rows
2026-08-11 13:16:12,070 - INFO - [NIFTY50] Inserted 1872 candles
2026-08-11 13:16:14,079 - INFO - Cycle complete. README updated.
2026-08-11 13:31:28,605 - INFO - Starting fetch cycle
2026-08-11 13:31:29,114 - INFO - [NIFTY50] ETF volume merged from NIFTYBEES.NS
2026-08-11 13:31:29,116 - INFO - [NIFTY50] yfinance fetched 1875 rows
2026-08-11 13:31:29,704 - INFO - [NIFTY50] Inserted 1875 candles
2026-08-11 13:31:31,713 - INFO - Cycle complete. README updated.
2026-08-11 13:46:02,483 - INFO - Starting fetch cycle
2026-08-11 13:46:03,148 - INFO - [NIFTY50] ETF volume merged from NIFTYBEES.NS
2026-08-11 13:46:03,150 - INFO - [NIFTY50] yfinance fetched 1875 rows
2026-08-11 13:46:03,748 - INFO - [NIFTY50] Inserted 1875 candles
2026-08-11 13:46:05,758 - INFO - Cycle complete. README updated.
2026-08-11 14:01:37,552 - INFO - Starting fetch cycle
2026-08-11 14:01:38,546 - INFO - [NIFTY50] ETF volume merged from NIFTYBEES.NS
2026-08-11 14:01:38,547 - INFO - [NIFTY50] yfinance fetched 1872 rows
2026-08-11 14:01:39,348 - INFO - [NIFTY50] Inserted 1872 candles
2026-08-11 14:01:41,357 - INFO - Cycle complete. README updated.
2026-08-11 14:16:05,440 - INFO - Starting fetch cycle
2026-08-11 14:16:05,936 - INFO - [NIFTY50] ETF volume merged from NIFTYBEES.NS
2026-08-11 14:16:05,937 - INFO - [NIFTY50] yfinance fetched 1875 rows
2026-08-11 14:16:06,520 - INFO - [NIFTY50] Inserted 1875 candles
2026-08-11 14:16:08,530 - INFO - Cycle complete. README updated.
2026-08-11 14:31:22,547 - INFO - Starting fetch cycle
2026-08-11 14:31:23,707 - INFO - [NIFTY50] ETF volume merged from NIFTYBEES.NS
2026-08-11 14:31:23,708 - INFO - [NIFTY50] yfinance fetched 1875 rows
2026-08-11 14:31:24,230 - INFO - [NIFTY50] Inserted 1875 candles
2026-08-11 14:31:26,284 - INFO - Cycle complete. README updated.
2026-08-11 14:46:08,679 - INFO - Starting fetch cycle
2026-08-11 14:46:09,165 - INFO - [NIFTY50] ETF volume merged from NIFTYBEES.NS
2026-08-11 14:46:09,166 - INFO - [NIFTY50] yfinance fetched 1872 rows
2026-08-11 14:46:09,965 - INFO - [NIFTY50] Inserted 1872 candles
2026-08-11 14:46:11,974 - INFO - Cycle complete. README updated.
2026-08-11 15:01:33,648 - INFO - Starting fetch cycle
2026-08-11 15:01:34,391 - INFO - [NIFTY50] ETF volume merged from NIFTYBEES.NS
2026-08-11 15:01:34,392 - INFO - [NIFTY50] yfinance fetched 1875 rows
2026-08-11 15:01:34,984 - INFO - [NIFTY50] Inserted 1875 candles
2026-08-11 15:01:36,993 - INFO - Cycle complete. README updated.
2026-08-11 15:16:12,884 - INFO - Starting fetch cycle
2026-08-11 15:16:13,311 - INFO - [NIFTY50] ETF volume merged from NIFTYBEES.NS
2026-08-11 15:16:13,313 - INFO - [NIFTY50] yfinance fetched 1872 rows
2026-08-11 15:16:14,117 - INFO - [NIFTY50] Inserted 1872 candles
2026-08-11 15:16:16,127 - INFO - Cycle complete. README updated.
2026-08-11 15:31:25,271 - INFO - Starting fetch cycle
2026-08-11 15:31:26,026 - INFO - [NIFTY50] ETF volume merged from NIFTYBEES.NS
2026-08-11 15:31:26,027 - INFO - [NIFTY50] yfinance fetched 1872 rows
2026-08-11 15:31:26,828 - INFO - [NIFTY50] Inserted 1872 candles
2026-08-11 15:31:28,837 - INFO - Cycle complete. README updated.
2026-08-11 15:46:06,540 - INFO - Starting fetch cycle
2026-08-11 15:46:07,062 - INFO - [NIFTY50] ETF volume merged from NIFTYBEES.NS
2026-08-11 15:46:07,064 - INFO - [NIFTY50] yfinance fetched 1872 rows
2026-08-11 15:46:07,863 - INFO - [NIFTY50] Inserted 1872 candles
2026-08-11 15:46:09,873 - INFO - Cycle complete. README updated.
2026-08-11 16:01:34,312 - INFO - Starting fetch cycle
2026-08-11 16:01:35,157 - INFO - [NIFTY50] ETF volume merged from NIFTYBEES.NS
2026-08-11 16:01:35,158 - INFO - [NIFTY50] yfinance fetched 1872 rows
2026-08-11 16:01:35,691 - INFO - [NIFTY50] Inserted 1872 candles
2026-08-11 16:01:37,699 - INFO - Cycle complete. README updated.
2026-08-11 16:16:07,709 - INFO - Starting fetch cycle
2026-08-11 16:16:08,356 - INFO - [NIFTY50] ETF volume merged from NIFTYBEES.NS
2026-08-11 16:16:08,358 - INFO - [NIFTY50] yfinance fetched 1872 rows
2026-08-11 16:16:09,163 - INFO - [NIFTY50] Inserted 1872 candles
2026-08-11 16:16:11,173 - INFO - Cycle complete. README updated.
2026-08-11 16:31:23,656 - INFO - Starting fetch cycle
2026-08-11 16:31:24,201 - INFO - [NIFTY50] ETF volume merged from NIFTYBEES.NS
2026-08-11 16:31:24,203 - INFO - [NIFTY50] yfinance fetched 1872 rows
2026-08-11 16:31:25,004 - INFO - [NIFTY50] Inserted 1872 candles
2026-08-11 16:31:27,013 - INFO - Cycle complete. README updated.
2026-08-11 16:46:10,376 - INFO - Starting fetch cycle
2026-08-11 16:46:12,703 - INFO - [NIFTY50] ETF volume merged from NIFTYBEES.NS
2026-08-11 16:46:12,704 - INFO - [NIFTY50] yfinance fetched 1872 rows
2026-08-11 16:46:13,791 - INFO - [NIFTY50] Inserted 1872 candles
2026-08-11 16:46:15,797 - INFO - Cycle complete. README updated.
2026-08-11 17:01:32,123 - INFO - Starting fetch cycle
2026-08-11 17:01:33,171 - INFO - [NIFTY50] ETF volume merged from NIFTYBEES.NS
2026-08-11 17:01:33,172 - INFO - [NIFTY50] yfinance fetched 1872 rows
2026-08-11 17:01:33,664 - INFO - [NIFTY50] Inserted 1872 candles
2026-08-11 17:01:35,787 - INFO - Cycle complete. README updated.
2026-08-11 17:16:03,452 - INFO - Starting fetch cycle
2026-08-11 17:16:03,986 - INFO - [NIFTY50] ETF volume merged from NIFTYBEES.NS
2026-08-11 17:16:03,987 - INFO - [NIFTY50] yfinance fetched 1875 rows
2026-08-11 17:16:04,791 - INFO - [NIFTY50] Inserted 1875 candles
2026-08-11 17:16:06,801 - INFO - Cycle complete. README updated.
2026-08-11 17:31:24,114 - INFO - Starting fetch cycle
2026-08-11 17:31:24,716 - INFO - [NIFTY50] ETF volume merged from NIFTYBEES.NS
2026-08-11 17:31:24,717 - INFO - [NIFTY50] yfinance fetched 1872 rows
2026-08-11 17:31:25,501 - INFO - [NIFTY50] Inserted 1872 candles
2026-08-11 17:31:27,511 - INFO - Cycle complete. README updated.
2026-08-11 17:46:06,259 - INFO - Starting fetch cycle
2026-08-11 17:46:07,893 - INFO - [NIFTY50] ETF volume merged from NIFTYBEES.NS
2026-08-11 17:46:07,894 - INFO - [NIFTY50] yfinance fetched 1875 rows
2026-08-11 17:46:08,366 - INFO - [NIFTY50] Inserted 1875 candles
2026-08-11 17:46:10,373 - INFO - Cycle complete. README updated.
2026-08-11 18:01:34,180 - INFO - Starting fetch cycle
2026-08-11 18:01:34,743 - INFO - [NIFTY50] ETF volume merged from NIFTYBEES.NS
2026-08-11 18:01:34,744 - INFO - [NIFTY50] yfinance fetched 1875 rows
2026-08-11 18:01:35,547 - INFO - [NIFTY50] Inserted 1875 candles
2026-08-11 18:01:37,556 - INFO - Cycle complete. README updated.
2026-08-11 18:16:03,777 - INFO - Starting fetch cycle
2026-08-11 18:16:04,745 - INFO - [NIFTY50] ETF volume merged from NIFTYBEES.NS
2026-08-11 18:16:04,746 - INFO - [NIFTY50] yfinance fetched 1872 rows
2026-08-11 18:16:05,448 - INFO - [NIFTY50] Inserted 1872 candles
2026-08-11 18:16:07,458 - INFO - Cycle complete. README updated.
2026-08-11 18:31:21,990 - INFO - Starting fetch cycle
2026-08-11 18:31:22,450 - INFO - [NIFTY50] ETF volume merged from NIFTYBEES.NS
2026-08-11 18:31:22,452 - INFO - [NIFTY50] yfinance fetched 1875 rows
2026-08-11 18:31:23,251 - INFO - [NIFTY50] Inserted 1875 candles
2026-08-11 18:31:25,259 - INFO - Cycle complete. README updated.
2026-08-11 18:46:00,969 - INFO - Starting fetch cycle
2026-08-11 18:46:01,888 - INFO - [NIFTY50] ETF volume merged from NIFTYBEES.NS
2026-08-11 18:46:01,889 - INFO - [NIFTY50] yfinance fetched 1872 rows
2026-08-11 18:46:02,702 - INFO - [NIFTY50] Inserted 1872 candles
2026-08-11 18:46:04,710 - INFO - Cycle complete. README updated.
2026-08-11 19:01:30,667 - INFO - Starting fetch cycle
2026-08-11 19:01:31,184 - INFO - [NIFTY50] ETF volume merged from NIFTYBEES.NS
2026-08-11 19:01:31,185 - INFO - [NIFTY50] yfinance fetched 1875 rows
2026-08-11 19:01:31,775 - INFO - [NIFTY50] Inserted 1875 candles
2026-08-11 19:01:33,783 - INFO - Cycle complete. README updated.
2026-08-11 19:15:57,770 - INFO - Starting fetch cycle
2026-08-11 19:15:58,277 - INFO - [NIFTY50] ETF volume merged from NIFTYBEES.NS
2026-08-11 19:15:58,278 - INFO - [NIFTY50] yfinance fetched 1875 rows
2026-08-11 19:15:58,872 - INFO - [NIFTY50] Inserted 1875 candles
2026-08-11 19:16:00,880 - INFO - Cycle complete. README updated.
2026-08-11 19:31:24,528 - INFO - Starting fetch cycle
2026-08-11 19:31:25,158 - INFO - [NIFTY50] ETF volume merged from NIFTYBEES.NS
2026-08-11 19:31:25,159 - INFO - [NIFTY50] yfinance fetched 1872 rows
2026-08-11 19:31:25,949 - INFO - [NIFTY50] Inserted 1872 candles
2026-08-11 19:31:27,957 - INFO - Cycle complete. README updated.
2026-08-11 19:46:03,218 - INFO - Starting fetch cycle
2026-08-11 19:46:04,224 - INFO - [NIFTY50] ETF volume merged from NIFTYBEES.NS
2026-08-11 19:46:04,225 - INFO - [NIFTY50] yfinance fetched 1872 rows
2026-08-11 19:46:04,892 - INFO - [NIFTY50] Inserted 1872 candles
2026-08-11 19:46:06,899 - INFO - Cycle complete. README updated.
2026-08-11 20:01:40,595 - INFO - Starting fetch cycle
2026-08-11 20:01:41,168 - INFO - [NIFTY50] ETF volume merged from NIFTYBEES.NS
2026-08-11 20:01:41,170 - INFO - [NIFTY50] yfinance fetched 1872 rows
2026-08-11 20:01:41,977 - INFO - [NIFTY50] Inserted 1872 candles
2026-08-11 20:01:43,985 - INFO - Cycle complete. README updated.
2026-08-11 20:15:58,075 - INFO - Starting fetch cycle
2026-08-11 20:15:58,730 - INFO - [NIFTY50] ETF volume merged from NIFTYBEES.NS
2026-08-11 20:15:58,731 - INFO - [NIFTY50] yfinance fetched 1875 rows
2026-08-11 20:15:59,464 - INFO - [NIFTY50] Inserted 1875 candles
2026-08-11 20:16:01,472 - INFO - Cycle complete. README updated.
2026-08-11 20:31:18,783 - INFO - Starting fetch cycle
2026-08-11 20:31:19,614 - INFO - [NIFTY50] ETF volume merged from NIFTYBEES.NS
2026-08-11 20:31:19,616 - INFO - [NIFTY50] yfinance fetched 1875 rows
2026-08-11 20:31:20,219 - INFO - [NIFTY50] Inserted 1875 candles
2026-08-11 20:31:22,227 - INFO - Cycle complete. README updated.
2026-08-11 20:46:08,317 - INFO - Starting fetch cycle
2026-08-11 20:46:08,809 - INFO - [NIFTY50] ETF volume merged from NIFTYBEES.NS
2026-08-11 20:46:08,811 - INFO - [NIFTY50] yfinance fetched 1872 rows
2026-08-11 20:46:09,605 - INFO - [NIFTY50] Inserted 1872 candles
2026-08-11 20:46:11,613 - INFO - Cycle complete. README updated.
2026-08-11 21:01:31,756 - INFO - Starting fetch cycle
2026-08-11 21:01:32,647 - INFO - [NIFTY50] ETF volume merged from NIFTYBEES.NS
2026-08-11 21:01:32,648 - INFO - [NIFTY50] yfinance fetched 1875 rows
2026-08-11 21:01:33,245 - INFO - [NIFTY50] Inserted 1875 candles
2026-08-11 21:01:35,252 - INFO - Cycle complete. README updated.
2026-08-11 21:16:10,066 - INFO - Starting fetch cycle
2026-08-11 21:16:10,906 - INFO - [NIFTY50] ETF volume merged from NIFTYBEES.NS
2026-08-11 21:16:10,908 - INFO - [NIFTY50] yfinance fetched 1872 rows
2026-08-11 21:16:11,689 - INFO - [NIFTY50] Inserted 1872 candles
2026-08-11 21:16:13,697 - INFO - Cycle complete. README updated.
2026-08-11 21:31:21,903 - INFO - Starting fetch cycle
2026-08-11 21:31:23,252 - INFO - [NIFTY50] ETF volume merged from NIFTYBEES.NS
2026-08-11 21:31:23,253 - INFO - [NIFTY50] yfinance fetched 1872 rows
2026-08-11 21:31:23,848 - INFO - [NIFTY50] Inserted 1872 candles
2026-08-11 21:31:25,856 - INFO - Cycle complete. README updated.
2026-08-11 21:46:04,313 - INFO - Starting fetch cycle
2026-08-11 21:46:04,827 - INFO - [NIFTY50] ETF volume merged from NIFTYBEES.NS
2026-08-11 21:46:04,829 - INFO - [NIFTY50] yfinance fetched 1875 rows
2026-08-11 21:46:05,418 - INFO - [NIFTY50] Inserted 1875 candles
2026-08-11 21:46:07,426 - INFO - Cycle complete. README updated.
2026-08-11 22:01:47,987 - INFO - Starting fetch cycle
2026-08-11 22:01:48,474 - INFO - [NIFTY50] ETF volume merged from NIFTYBEES.NS
2026-08-11 22:01:48,476 - INFO - [NIFTY50] yfinance fetched 1872 rows
2026-08-11 22:01:49,280 - INFO - [NIFTY50] Inserted 1872 candles
2026-08-11 22:01:51,288 - INFO - Cycle complete. README updated.
2026-08-11 22:16:06,349 - INFO - Starting fetch cycle
2026-08-11 22:16:06,918 - INFO - [NIFTY50] ETF volume merged from NIFTYBEES.NS
2026-08-11 22:16:06,920 - INFO - [NIFTY50] yfinance fetched 1875 rows
2026-08-11 22:16:07,716 - INFO - [NIFTY50] Inserted 1875 candles
2026-08-11 22:16:09,723 - INFO - Cycle complete. README updated.
2026-08-11 22:31:23,665 - INFO - Starting fetch cycle
2026-08-11 22:31:26,364 - INFO - [NIFTY50] ETF volume merged from NIFTYBEES.NS
2026-08-11 22:31:26,366 - INFO - [NIFTY50] yfinance fetched 1875 rows
2026-08-11 22:31:27,351 - INFO - [NIFTY50] Inserted 1875 candles
2026-08-11 22:31:29,365 - INFO - Cycle complete. README updated.
2026-08-11 22:45:57,501 - INFO - Starting fetch cycle
2026-08-11 22:45:58,052 - INFO - [NIFTY50] ETF volume merged from NIFTYBEES.NS
2026-08-11 22:45:58,054 - INFO - [NIFTY50] yfinance fetched 1872 rows
2026-08-11 22:45:58,862 - INFO - [NIFTY50] Inserted 1872 candles
2026-08-11 22:46:00,871 - INFO - Cycle complete. README updated.
2026-08-11 23:01:31,031 - INFO - Starting fetch cycle
2026-08-11 23:01:31,460 - INFO - [NIFTY50] ETF volume merged from NIFTYBEES.NS
2026-08-11 23:01:31,461 - INFO - [NIFTY50] yfinance fetched 1875 rows
2026-08-11 23:01:32,055 - INFO - [NIFTY50] Inserted 1875 candles
2026-08-11 23:01:34,063 - INFO - Cycle complete. README updated.
2026-08-11 23:16:10,679 - INFO - Starting fetch cycle
2026-08-11 23:16:11,521 - INFO - [NIFTY50] ETF volume merged from NIFTYBEES.NS
2026-08-11 23:16:11,522 - INFO - [NIFTY50] yfinance fetched 1875 rows
2026-08-11 23:16:12,331 - INFO - [NIFTY50] Inserted 1875 candles
2026-08-11 23:16:14,339 - INFO - Cycle complete. README updated.
2026-08-11 23:31:20,841 - INFO - Starting fetch cycle
2026-08-11 23:31:22,017 - INFO - [NIFTY50] ETF volume merged from NIFTYBEES.NS
2026-08-11 23:31:22,018 - INFO - [NIFTY50] yfinance fetched 1875 rows
2026-08-11 23:31:22,477 - INFO - [NIFTY50] Inserted 1875 candles
2026-08-11 23:31:24,483 - INFO - Cycle complete. README updated.
2026-08-11 23:45:57,065 - INFO - Starting fetch cycle
2026-08-11 23:45:57,494 - INFO - [NIFTY50] ETF volume merged from NIFTYBEES.NS
2026-08-11 23:45:57,495 - INFO - [NIFTY50] yfinance fetched 1872 rows
2026-08-11 23:45:58,296 - INFO - [NIFTY50] Inserted 1872 candles
2026-08-11 23:46:00,304 - INFO - Cycle complete. README updated.
2026-08-12 00:01:40,634 - INFO - Starting fetch cycle
2026-08-12 00:01:41,376 - INFO - [NIFTY50] ETF volume merged from NIFTYBEES.NS
2026-08-12 00:01:41,377 - INFO - [NIFTY50] yfinance fetched 1872 rows
2026-08-12 00:01:42,184 - INFO - [NIFTY50] Inserted 1872 candles
2026-08-12 00:01:44,192 - INFO - Cycle complete. README updated.
2026-08-12 00:15:55,693 - INFO - Starting fetch cycle
2026-08-12 00:15:56,211 - INFO - [NIFTY50] ETF volume merged from NIFTYBEES.NS
2026-08-12 00:15:56,213 - INFO - [NIFTY50] yfinance fetched 1875 rows
2026-08-12 00:15:56,805 - INFO - [NIFTY50] Inserted 1875 candles
2026-08-12 00:15:58,813 - INFO - Cycle complete. README updated.
2026-08-12 00:31:13,802 - INFO - Starting fetch cycle
2026-08-12 00:31:14,510 - INFO - [NIFTY50] ETF volume merged from NIFTYBEES.NS
2026-08-12 00:31:14,511 - INFO - [NIFTY50] yfinance fetched 1875 rows
2026-08-12 00:31:15,102 - INFO - [NIFTY50] Inserted 1875 candles
2026-08-12 00:31:17,110 - INFO - Cycle complete. README updated.
2026-08-12 00:46:00,205 - INFO - Starting fetch cycle
2026-08-12 00:46:01,153 - INFO - [NIFTY50] ETF volume merged from NIFTYBEES.NS
2026-08-12 00:46:01,155 - INFO - [NIFTY50] yfinance fetched 1875 rows
2026-08-12 00:46:01,755 - INFO - [NIFTY50] Inserted 1875 candles
2026-08-12 00:46:03,762 - INFO - Cycle complete. README updated.
2026-08-12 01:01:30,895 - INFO - Starting fetch cycle
2026-08-12 01:01:31,569 - INFO - [NIFTY50] ETF volume merged from NIFTYBEES.NS
2026-08-12 01:01:31,570 - INFO - [NIFTY50] yfinance fetched 1872 rows
2026-08-12 01:01:32,060 - INFO - [NIFTY50] Inserted 1872 candles
2026-08-12 01:01:34,067 - INFO - Cycle complete. README updated.
2026-08-12 01:15:56,932 - INFO - Starting fetch cycle
2026-08-12 01:15:57,413 - INFO - [NIFTY50] ETF volume merged from NIFTYBEES.NS
2026-08-12 01:15:57,414 - INFO - [NIFTY50] yfinance fetched 1872 rows
2026-08-12 01:15:58,240 - INFO - [NIFTY50] Inserted 1872 candles
2026-08-12 01:16:00,247 - INFO - Cycle complete. README updated.
2026-08-12 01:31:20,375 - INFO - Starting fetch cycle
2026-08-12 01:31:21,559 - INFO - [NIFTY50] ETF volume merged from NIFTYBEES.NS
2026-08-12 01:31:21,560 - INFO - [NIFTY50] yfinance fetched 1875 rows
2026-08-12 01:31:22,153 - INFO - [NIFTY50] Inserted 1875 candles
2026-08-12 01:31:24,161 - INFO - Cycle complete. README updated.
2026-08-12 01:46:00,729 - INFO - Starting fetch cycle
2026-08-12 01:46:02,807 - INFO - [NIFTY50] ETF volume merged from NIFTYBEES.NS
2026-08-12 01:46:02,808 - INFO - [NIFTY50] yfinance fetched 1872 rows
2026-08-12 01:46:03,324 - INFO - [NIFTY50] Inserted 1872 candles
2026-08-12 01:46:05,416 - INFO - Cycle complete. README updated.
2026-08-12 02:01:40,498 - INFO - Starting fetch cycle
2026-08-12 02:01:41,250 - INFO - [NIFTY50] ETF volume merged from NIFTYBEES.NS
2026-08-12 02:01:41,252 - INFO - [NIFTY50] yfinance fetched 1875 rows
2026-08-12 02:01:42,062 - INFO - [NIFTY50] Inserted 1875 candles
2026-08-12 02:01:44,070 - INFO - Cycle complete. README updated.
2026-08-12 02:16:00,431 - INFO - Starting fetch cycle
2026-08-12 02:16:00,862 - INFO - [NIFTY50] ETF volume merged from NIFTYBEES.NS
2026-08-12 02:16:00,863 - INFO - [NIFTY50] yfinance fetched 1872 rows
2026-08-12 02:16:01,663 - INFO - [NIFTY50] Inserted 1872 candles
2026-08-12 02:16:03,671 - INFO - Cycle complete. README updated.
2026-08-12 02:31:25,866 - INFO - Starting fetch cycle
2026-08-12 02:31:26,403 - INFO - [NIFTY50] ETF volume merged from NIFTYBEES.NS
2026-08-12 02:31:26,404 - INFO - [NIFTY50] yfinance fetched 1872 rows
2026-08-12 02:31:27,225 - INFO - [NIFTY50] Inserted 1872 candles
2026-08-12 02:31:29,233 - INFO - Cycle complete. README updated.
2026-08-12 02:46:03,122 - INFO - Starting fetch cycle
2026-08-12 02:46:03,682 - INFO - [NIFTY50] ETF volume merged from NIFTYBEES.NS
2026-08-12 02:46:03,683 - INFO - [NIFTY50] yfinance fetched 1872 rows
2026-08-12 02:46:04,500 - INFO - [NIFTY50] Inserted 1872 candles
2026-08-12 02:46:06,508 - INFO - Cycle complete. README updated.
2026-08-12 03:01:29,833 - INFO - Starting fetch cycle
2026-08-12 03:01:30,385 - INFO - [NIFTY50] ETF volume merged from NIFTYBEES.NS
2026-08-12 03:01:30,386 - INFO - [NIFTY50] yfinance fetched 1875 rows
2026-08-12 03:01:30,880 - INFO - [NIFTY50] Inserted 1875 candles
2026-08-12 03:01:32,886 - INFO - Cycle complete. README updated.
2026-08-12 03:15:54,767 - INFO - Starting fetch cycle
2026-08-12 03:15:55,354 - INFO - [NIFTY50] ETF volume merged from NIFTYBEES.NS
2026-08-12 03:15:55,356 - INFO - [NIFTY50] yfinance fetched 1875 rows
2026-08-12 03:15:55,947 - INFO - [NIFTY50] Inserted 1875 candles
2026-08-12 03:15:57,955 - INFO - Cycle complete. README updated.
2026-08-12 03:31:12,348 - INFO - Starting fetch cycle
2026-08-12 03:31:12,772 - INFO - [NIFTY50] ETF volume merged from NIFTYBEES.NS
2026-08-12 03:31:12,774 - INFO - [NIFTY50] yfinance fetched 1875 rows
2026-08-12 03:31:13,373 - INFO - [NIFTY50] Inserted 1875 candles
2026-08-12 03:31:15,380 - INFO - Cycle complete. README updated.
2026-08-12 03:45:58,435 - INFO - Starting fetch cycle
2026-08-12 03:45:58,860 - INFO - [NIFTY50] ETF volume merged from NIFTYBEES.NS
2026-08-12 03:45:58,861 - INFO - [NIFTY50] yfinance fetched 1498 rows
2026-08-12 03:45:59,517 - INFO - [NIFTY50] Inserted 1498 candles
2026-08-12 03:46:01,527 - INFO - Cycle complete. README updated.
2026-08-12 04:01:30,892 - INFO - Starting fetch cycle
2026-08-12 04:01:31,404 - INFO - [NIFTY50] ETF volume merged from NIFTYBEES.NS
2026-08-12 04:01:31,405 - INFO - [NIFTY50] yfinance fetched 1517 rows
2026-08-12 04:01:31,894 - INFO - [NIFTY50] Inserted 1517 candles
2026-08-12 04:01:33,903 - INFO - Cycle complete. README updated.
2026-08-12 04:16:02,430 - INFO - Starting fetch cycle
2026-08-12 04:16:03,534 - INFO - [NIFTY50] ETF volume merged from NIFTYBEES.NS
2026-08-12 04:16:03,535 - INFO - [NIFTY50] yfinance fetched 1532 rows
2026-08-12 04:16:03,965 - INFO - [NIFTY50] Inserted 1532 candles
2026-08-12 04:16:05,972 - INFO - Cycle complete. README updated.
2026-08-12 04:31:18,047 - INFO - Starting fetch cycle
2026-08-12 04:31:19,202 - INFO - [NIFTY50] ETF volume merged from NIFTYBEES.NS
2026-08-12 04:31:19,203 - INFO - [NIFTY50] yfinance fetched 1547 rows
2026-08-12 04:31:19,691 - INFO - [NIFTY50] Inserted 1547 candles
2026-08-12 04:31:21,700 - INFO - Cycle complete. README updated.
2026-08-12 04:45:59,653 - INFO - Starting fetch cycle
2026-08-12 04:46:00,173 - INFO - [NIFTY50] ETF volume merged from NIFTYBEES.NS
2026-08-12 04:46:00,175 - INFO - [NIFTY50] yfinance fetched 1561 rows
2026-08-12 04:46:00,853 - INFO - [NIFTY50] Inserted 1561 candles
2026-08-12 04:46:02,862 - INFO - Cycle complete. README updated.
2026-08-12 05:01:35,967 - INFO - Starting fetch cycle
2026-08-12 05:01:36,570 - INFO - [NIFTY50] ETF volume merged from NIFTYBEES.NS
2026-08-12 05:01:36,572 - INFO - [NIFTY50] yfinance fetched 1577 rows
2026-08-12 05:01:37,272 - INFO - [NIFTY50] Inserted 1577 candles
2026-08-12 05:01:39,282 - INFO - Cycle complete. README updated.
2026-08-12 05:16:00,150 - INFO - Starting fetch cycle
2026-08-12 05:16:01,274 - INFO - [NIFTY50] ETF volume merged from NIFTYBEES.NS
2026-08-12 05:16:01,276 - INFO - [NIFTY50] yfinance fetched 1591 rows
2026-08-12 05:16:01,980 - INFO - [NIFTY50] Inserted 1591 candles
2026-08-12 05:16:03,989 - INFO - Cycle complete. README updated.
2026-08-12 05:31:21,052 - INFO - Starting fetch cycle
2026-08-12 05:31:21,858 - INFO - [NIFTY50] ETF volume merged from NIFTYBEES.NS
2026-08-12 05:31:21,859 - INFO - [NIFTY50] yfinance fetched 1604 rows
2026-08-12 05:31:22,370 - INFO - [NIFTY50] Inserted 1604 candles
2026-08-12 05:31:24,378 - INFO - Cycle complete. README updated.
2026-08-12 05:46:08,966 - INFO - Starting fetch cycle
2026-08-12 05:46:09,447 - INFO - [NIFTY50] ETF volume merged from NIFTYBEES.NS
2026-08-12 05:46:09,449 - INFO - [NIFTY50] yfinance fetched 1622 rows
2026-08-12 05:46:10,158 - INFO - [NIFTY50] Inserted 1622 candles
2026-08-12 05:46:12,168 - INFO - Cycle complete. README updated.
2026-08-12 06:01:33,822 - INFO - Starting fetch cycle
2026-08-12 06:01:34,698 - INFO - [NIFTY50] ETF volume merged from NIFTYBEES.NS
2026-08-12 06:01:34,699 - INFO - [NIFTY50] yfinance fetched 1634 rows
2026-08-12 06:01:35,165 - INFO - [NIFTY50] Inserted 1634 candles
2026-08-12 06:01:37,172 - INFO - Cycle complete. README updated.
2026-08-12 06:15:59,773 - INFO - Starting fetch cycle
2026-08-12 06:16:00,438 - INFO - [NIFTY50] ETF volume merged from NIFTYBEES.NS
2026-08-12 06:16:00,440 - INFO - [NIFTY50] yfinance fetched 1648 rows
2026-08-12 06:16:01,158 - INFO - [NIFTY50] Inserted 1648 candles
2026-08-12 06:16:03,167 - INFO - Cycle complete. README updated.
2026-08-12 06:31:34,576 - INFO - Starting fetch cycle
2026-08-12 06:31:35,449 - INFO - [NIFTY50] ETF volume merged from NIFTYBEES.NS
2026-08-12 06:31:35,451 - INFO - [NIFTY50] yfinance fetched 1664 rows
2026-08-12 06:31:36,168 - INFO - [NIFTY50] Inserted 1664 candles
2026-08-12 06:31:38,177 - INFO - Cycle complete. README updated.
2026-08-12 06:46:00,265 - INFO - Starting fetch cycle
2026-08-12 06:46:00,737 - INFO - [NIFTY50] ETF volume merged from NIFTYBEES.NS
2026-08-12 06:46:00,739 - INFO - [NIFTY50] yfinance fetched 1681 rows
2026-08-12 06:46:01,466 - INFO - [NIFTY50] Inserted 1681 candles
2026-08-12 06:46:03,476 - INFO - Cycle complete. README updated.
2026-08-12 07:01:31,958 - INFO - Starting fetch cycle
2026-08-12 07:01:32,392 - INFO - [NIFTY50] ETF volume merged from NIFTYBEES.NS
2026-08-12 07:01:32,393 - INFO - [NIFTY50] yfinance fetched 1697 rows
2026-08-12 07:01:33,120 - INFO - [NIFTY50] Inserted 1697 candles
2026-08-12 07:01:35,129 - INFO - Cycle complete. README updated.
2026-08-12 07:16:05,427 - INFO - Starting fetch cycle
2026-08-12 07:16:06,156 - INFO - [NIFTY50] ETF volume merged from NIFTYBEES.NS
2026-08-12 07:16:06,158 - INFO - [NIFTY50] yfinance fetched 1712 rows
2026-08-12 07:16:06,882 - INFO - [NIFTY50] Inserted 1712 candles
2026-08-12 07:16:08,891 - INFO - Cycle complete. README updated.
2026-08-12 07:31:21,028 - INFO - Starting fetch cycle
2026-08-12 07:31:25,629 - INFO - [NIFTY50] ETF volume merged from NIFTYBEES.NS
2026-08-12 07:31:25,631 - INFO - [NIFTY50] yfinance fetched 1727 rows
2026-08-12 07:31:26,203 - INFO - [NIFTY50] Inserted 1727 candles
2026-08-12 07:31:28,212 - INFO - Cycle complete. README updated.
2026-08-12 07:46:09,718 - INFO - Starting fetch cycle
2026-08-12 07:46:10,559 - INFO - [NIFTY50] ETF volume merged from NIFTYBEES.NS
2026-08-12 07:46:10,560 - INFO - [NIFTY50] yfinance fetched 1739 rows
2026-08-12 07:46:11,500 - INFO - [NIFTY50] Inserted 1739 candles
2026-08-12 07:46:13,507 - INFO - Cycle complete. README updated.
2026-08-12 08:01:35,725 - INFO - Starting fetch cycle
2026-08-12 08:01:36,298 - INFO - [NIFTY50] ETF volume merged from NIFTYBEES.NS
2026-08-12 08:01:36,300 - INFO - [NIFTY50] yfinance fetched 1757 rows
2026-08-12 08:01:37,066 - INFO - [NIFTY50] Inserted 1757 candles
2026-08-12 08:01:39,076 - INFO - Cycle complete. README updated.
2026-08-12 08:03:48,381 - INFO - Starting fetch cycle
2026-08-12 08:03:48,898 - INFO - [NIFTY50] ETF volume merged from NIFTYBEES.NS
2026-08-12 08:03:48,900 - INFO - [NIFTY50] yfinance fetched 1759 rows
2026-08-12 08:03:50,244 - INFO - [NIFTY50] Inserted 1759 candles
2026-08-12 08:03:52,253 - INFO - Cycle complete. README updated.
2026-08-12 08:16:05,160 - INFO - Starting fetch cycle
2026-08-12 08:16:06,144 - INFO - [NIFTY50] ETF volume merged from NIFTYBEES.NS
2026-08-12 08:16:06,145 - INFO - [NIFTY50] yfinance fetched 1772 rows
2026-08-12 08:16:06,589 - INFO - [NIFTY50] Inserted 1772 candles
2026-08-12 08:16:08,597 - INFO - Cycle complete. README updated.
2026-08-12 08:31:19,944 - INFO - Starting fetch cycle
2026-08-12 08:31:20,523 - INFO - [NIFTY50] ETF volume merged from NIFTYBEES.NS
2026-08-12 08:31:20,525 - INFO - [NIFTY50] yfinance fetched 1784 rows
2026-08-12 08:31:21,296 - INFO - [NIFTY50] Inserted 1784 candles
2026-08-12 08:31:23,306 - INFO - Cycle complete. README updated.
2026-08-12 08:46:11,243 - INFO - Starting fetch cycle
2026-08-12 08:46:11,891 - INFO - [NIFTY50] ETF volume merged from NIFTYBEES.NS
2026-08-12 08:46:11,892 - INFO - [NIFTY50] yfinance fetched 1799 rows
2026-08-12 08:46:12,684 - INFO - [NIFTY50] Inserted 1799 candles
2026-08-12 08:46:14,693 - INFO - Cycle complete. README updated.
2026-08-12 09:01:43,516 - INFO - Starting fetch cycle
2026-08-12 09:01:44,092 - INFO - [NIFTY50] ETF volume merged from NIFTYBEES.NS
2026-08-12 09:01:44,094 - INFO - [NIFTY50] yfinance fetched 1814 rows
2026-08-12 09:01:44,873 - INFO - [NIFTY50] Inserted 1814 candles
2026-08-12 09:01:46,883 - INFO - Cycle complete. README updated.
2026-08-12 09:25:08,047 - INFO - Starting fetch cycle
2026-08-12 09:25:09,381 - INFO - [NIFTY50] ETF volume merged from NIFTYBEES.NS
2026-08-12 09:25:09,382 - INFO - [NIFTY50] yfinance fetched 1841 rows
2026-08-12 09:25:09,967 - INFO - [NIFTY50] Inserted 1841 candles
2026-08-12 09:25:11,976 - INFO - Cycle complete. README updated.
2026-08-12 09:31:33,957 - INFO - Starting fetch cycle
2026-08-12 09:31:34,393 - INFO - [NIFTY50] ETF volume merged from NIFTYBEES.NS
2026-08-12 09:31:34,394 - INFO - [NIFTY50] yfinance fetched 1847 rows
2026-08-12 09:31:34,980 - INFO - [NIFTY50] Inserted 1847 candles
2026-08-12 09:31:36,989 - INFO - Cycle complete. README updated.
2026-08-12 10:01:25,400 - INFO - Starting fetch cycle
2026-08-12 10:01:26,380 - INFO - [NIFTY50] ETF volume merged from NIFTYBEES.NS
2026-08-12 10:01:26,382 - INFO - [NIFTY50] yfinance fetched 1872 rows
2026-08-12 10:01:27,183 - INFO - [NIFTY50] Inserted 1872 candles
2026-08-12 10:01:29,192 - INFO - Cycle complete. README updated.
2026-08-12 10:16:06,032 - INFO - Starting fetch cycle
2026-08-12 10:16:06,534 - INFO - [NIFTY50] ETF volume merged from NIFTYBEES.NS
2026-08-12 10:16:06,536 - INFO - [NIFTY50] yfinance fetched 1872 rows
2026-08-12 10:16:07,356 - INFO - [NIFTY50] Inserted 1872 candles
2026-08-12 10:16:09,365 - INFO - Cycle complete. README updated.
2026-08-12 10:31:25,133 - INFO - Starting fetch cycle
2026-08-12 10:31:26,169 - INFO - [NIFTY50] ETF volume merged from NIFTYBEES.NS
2026-08-12 10:31:26,170 - INFO - [NIFTY50] yfinance fetched 1875 rows
2026-08-12 10:31:26,765 - INFO - [NIFTY50] Inserted 1875 candles
2026-08-12 10:31:28,775 - INFO - Cycle complete. README updated.
2026-08-12 10:46:02,427 - INFO - Starting fetch cycle
2026-08-12 10:46:02,839 - INFO - [NIFTY50] ETF volume merged from NIFTYBEES.NS
2026-08-12 10:46:02,841 - INFO - [NIFTY50] yfinance fetched 1875 rows
2026-08-12 10:46:03,636 - INFO - [NIFTY50] Inserted 1875 candles
2026-08-12 10:46:05,645 - INFO - Cycle complete. README updated.
2026-08-12 11:01:40,016 - INFO - Starting fetch cycle
2026-08-12 11:01:41,023 - INFO - [NIFTY50] ETF volume merged from NIFTYBEES.NS
2026-08-12 11:01:41,024 - INFO - [NIFTY50] yfinance fetched 1875 rows
2026-08-12 11:01:41,856 - INFO - [NIFTY50] Inserted 1875 candles
2026-08-12 11:01:43,875 - INFO - Cycle complete. README updated.
2026-08-12 11:13:47,361 - INFO - Starting fetch cycle
2026-08-12 11:13:48,120 - INFO - [NIFTY50] ETF volume merged from NIFTYBEES.NS
2026-08-12 11:13:48,121 - INFO - [NIFTY50] yfinance fetched 1872 rows
2026-08-12 11:13:48,908 - INFO - [NIFTY50] Inserted 1872 candles
2026-08-12 11:13:50,917 - INFO - Cycle complete. README updated.
2026-08-12 11:16:06,441 - INFO - Starting fetch cycle
2026-08-12 11:16:06,918 - INFO - [NIFTY50] ETF volume merged from NIFTYBEES.NS
2026-08-12 11:16:06,919 - INFO - [NIFTY50] yfinance fetched 1872 rows
2026-08-12 11:16:07,720 - INFO - [NIFTY50] Inserted 1872 candles
2026-08-12 11:16:09,729 - INFO - Cycle complete. README updated.
2026-08-12 11:31:24,508 - INFO - Starting fetch cycle
2026-08-12 11:31:25,323 - INFO - [NIFTY50] ETF volume merged from NIFTYBEES.NS
2026-08-12 11:31:25,324 - INFO - [NIFTY50] yfinance fetched 1872 rows
2026-08-12 11:31:25,826 - INFO - [NIFTY50] Inserted 1872 candles
2026-08-12 11:31:27,833 - INFO - Cycle complete. README updated.
2026-08-12 11:46:04,534 - INFO - Starting fetch cycle
2026-08-12 11:46:05,190 - INFO - [NIFTY50] ETF volume merged from NIFTYBEES.NS
2026-08-12 11:46:05,191 - INFO - [NIFTY50] yfinance fetched 1875 rows
2026-08-12 11:46:05,780 - INFO - [NIFTY50] Inserted 1875 candles
2026-08-12 11:46:07,790 - INFO - Cycle complete. README updated.
2026-08-12 12:01:35,775 - INFO - Starting fetch cycle
2026-08-12 12:01:36,213 - INFO - [NIFTY50] ETF volume merged from NIFTYBEES.NS
2026-08-12 12:01:36,214 - INFO - [NIFTY50] yfinance fetched 1875 rows
2026-08-12 12:01:36,802 - INFO - [NIFTY50] Inserted 1875 candles
2026-08-12 12:01:38,811 - INFO - Cycle complete. README updated.
2026-08-12 12:16:00,409 - INFO - Starting fetch cycle
2026-08-12 12:16:01,481 - INFO - [NIFTY50] ETF volume merged from NIFTYBEES.NS
2026-08-12 12:16:01,482 - INFO - [NIFTY50] yfinance fetched 1875 rows
2026-08-12 12:16:02,180 - INFO - [NIFTY50] Inserted 1875 candles
2026-08-12 12:16:04,190 - INFO - Cycle complete. README updated.
2026-08-12 12:31:24,378 - INFO - Starting fetch cycle
2026-08-12 12:31:25,083 - INFO - [NIFTY50] ETF volume merged from NIFTYBEES.NS
2026-08-12 12:31:25,084 - INFO - [NIFTY50] yfinance fetched 1875 rows
2026-08-12 12:31:25,903 - INFO - [NIFTY50] Inserted 1875 candles
2026-08-12 12:31:27,913 - INFO - Cycle complete. README updated.
2026-08-12 12:46:07,582 - INFO - Starting fetch cycle
2026-08-12 12:46:08,589 - INFO - [NIFTY50] ETF volume merged from NIFTYBEES.NS
2026-08-12 12:46:08,590 - INFO - [NIFTY50] yfinance fetched 1875 rows
2026-08-12 12:46:09,198 - INFO - [NIFTY50] Inserted 1875 candles
2026-08-12 12:46:11,207 - INFO - Cycle complete. README updated.
2026-08-12 13:01:32,258 - INFO - Starting fetch cycle
2026-08-12 13:01:33,743 - INFO - [NIFTY50] ETF volume merged from NIFTYBEES.NS
2026-08-12 13:01:33,745 - INFO - [NIFTY50] yfinance fetched 1872 rows
2026-08-12 13:01:34,562 - INFO - [NIFTY50] Inserted 1872 candles
2026-08-12 13:01:36,571 - INFO - Cycle complete. README updated.
2026-08-12 13:16:05,421 - INFO - Starting fetch cycle
2026-08-12 13:16:05,949 - INFO - [NIFTY50] ETF volume merged from NIFTYBEES.NS
2026-08-12 13:16:05,950 - INFO - [NIFTY50] yfinance fetched 1875 rows
2026-08-12 13:16:06,541 - INFO - [NIFTY50] Inserted 1875 candles
2026-08-12 13:16:08,551 - INFO - Cycle complete. README updated.
2026-08-12 13:31:26,605 - INFO - Starting fetch cycle
2026-08-12 13:31:27,075 - INFO - [NIFTY50] ETF volume merged from NIFTYBEES.NS
2026-08-12 13:31:27,077 - INFO - [NIFTY50] yfinance fetched 1872 rows
2026-08-12 13:31:27,883 - INFO - [NIFTY50] Inserted 1872 candles
2026-08-12 13:31:29,892 - INFO - Cycle complete. README updated.
2026-08-12 13:46:02,528 - INFO - Starting fetch cycle
2026-08-12 13:46:03,662 - INFO - [NIFTY50] ETF volume merged from NIFTYBEES.NS
2026-08-12 13:46:03,664 - INFO - [NIFTY50] yfinance fetched 1875 rows
2026-08-12 13:46:04,464 - INFO - [NIFTY50] Inserted 1875 candles
2026-08-12 13:46:06,474 - INFO - Cycle complete. README updated.
2026-08-12 14:01:39,223 - INFO - Starting fetch cycle
2026-08-12 14:01:40,322 - INFO - [NIFTY50] ETF volume merged from NIFTYBEES.NS
2026-08-12 14:01:40,323 - INFO - [NIFTY50] yfinance fetched 1875 rows
2026-08-12 14:01:41,040 - INFO - [NIFTY50] Inserted 1875 candles
2026-08-12 14:01:43,047 - INFO - Cycle complete. README updated.
2026-08-12 14:16:02,104 - INFO - Starting fetch cycle
2026-08-12 14:16:02,682 - INFO - [NIFTY50] ETF volume merged from NIFTYBEES.NS
2026-08-12 14:16:02,684 - INFO - [NIFTY50] yfinance fetched 1875 rows
2026-08-12 14:16:03,271 - INFO - [NIFTY50] Inserted 1875 candles
2026-08-12 14:16:05,280 - INFO - Cycle complete. README updated.
2026-08-12 14:31:29,397 - INFO - Starting fetch cycle
2026-08-12 14:31:29,919 - INFO - [NIFTY50] ETF volume merged from NIFTYBEES.NS
2026-08-12 14:31:29,921 - INFO - [NIFTY50] yfinance fetched 1875 rows
2026-08-12 14:31:30,512 - INFO - [NIFTY50] Inserted 1875 candles
2026-08-12 14:31:32,521 - INFO - Cycle complete. README updated.
2026-08-12 14:45:59,818 - INFO - Starting fetch cycle
2026-08-12 14:46:00,753 - INFO - [NIFTY50] ETF volume merged from NIFTYBEES.NS
2026-08-12 14:46:00,755 - INFO - [NIFTY50] yfinance fetched 1872 rows
2026-08-12 14:46:02,171 - INFO - [NIFTY50] Inserted 1872 candles
2026-08-12 14:46:04,181 - INFO - Cycle complete. README updated.
2026-08-12 15:01:36,709 - INFO - Starting fetch cycle
2026-08-12 15:01:37,977 - INFO - [NIFTY50] ETF volume merged from NIFTYBEES.NS
2026-08-12 15:01:37,979 - INFO - [NIFTY50] yfinance fetched 1875 rows
2026-08-12 15:01:38,772 - INFO - [NIFTY50] Inserted 1875 candles
2026-08-12 15:01:40,782 - INFO - Cycle complete. README updated.
2026-08-12 15:15:55,933 - INFO - Starting fetch cycle
2026-08-12 15:15:57,023 - INFO - [NIFTY50] ETF volume merged from NIFTYBEES.NS
2026-08-12 15:15:57,024 - INFO - [NIFTY50] yfinance fetched 1872 rows
2026-08-12 15:15:57,402 - INFO - [NIFTY50] Inserted 1872 candles
2026-08-12 15:15:59,408 - INFO - Cycle complete. README updated.
2026-08-12 15:31:17,125 - INFO - Starting fetch cycle
2026-08-12 15:31:17,700 - INFO - [NIFTY50] ETF volume merged from NIFTYBEES.NS
2026-08-12 15:31:17,702 - INFO - [NIFTY50] yfinance fetched 1875 rows
2026-08-12 15:31:18,536 - INFO - [NIFTY50] Inserted 1875 candles
2026-08-12 15:31:20,546 - INFO - Cycle complete. README updated.
2026-08-12 15:45:57,322 - INFO - Starting fetch cycle
2026-08-12 15:45:57,777 - INFO - [NIFTY50] ETF volume merged from NIFTYBEES.NS
2026-08-12 15:45:57,778 - INFO - [NIFTY50] yfinance fetched 1875 rows
2026-08-12 15:45:58,372 - INFO - [NIFTY50] Inserted 1875 candles
2026-08-12 15:46:00,381 - INFO - Cycle complete. README updated.
2026-08-12 16:01:26,729 - INFO - Starting fetch cycle
2026-08-12 16:01:27,904 - INFO - [NIFTY50] ETF volume merged from NIFTYBEES.NS
2026-08-12 16:01:27,905 - INFO - [NIFTY50] yfinance fetched 1875 rows
2026-08-12 16:01:28,445 - INFO - [NIFTY50] Inserted 1875 candles
2026-08-12 16:01:30,503 - INFO - Cycle complete. README updated.
2026-08-12 16:15:58,054 - INFO - Starting fetch cycle
2026-08-12 16:15:58,608 - INFO - [NIFTY50] ETF volume merged from NIFTYBEES.NS
2026-08-12 16:15:58,609 - INFO - [NIFTY50] yfinance fetched 1875 rows
2026-08-12 16:15:59,200 - INFO - [NIFTY50] Inserted 1875 candles
2026-08-12 16:16:01,209 - INFO - Cycle complete. README updated.
2026-08-12 16:31:12,716 - INFO - Starting fetch cycle
2026-08-12 16:31:13,191 - INFO - [NIFTY50] ETF volume merged from NIFTYBEES.NS
2026-08-12 16:31:13,192 - INFO - [NIFTY50] yfinance fetched 1875 rows
2026-08-12 16:31:13,788 - INFO - [NIFTY50] Inserted 1875 candles
2026-08-12 16:31:15,797 - INFO - Cycle complete. README updated.
2026-08-12 16:46:05,236 - INFO - Starting fetch cycle
2026-08-12 16:46:05,806 - INFO - [NIFTY50] ETF volume merged from NIFTYBEES.NS
2026-08-12 16:46:05,807 - INFO - [NIFTY50] yfinance fetched 1872 rows
2026-08-12 16:46:06,598 - INFO - [NIFTY50] Inserted 1872 candles
2026-08-12 16:46:08,607 - INFO - Cycle complete. README updated.
2026-08-12 17:01:32,491 - INFO - Starting fetch cycle
2026-08-12 17:01:33,033 - INFO - [NIFTY50] ETF volume merged from NIFTYBEES.NS
2026-08-12 17:01:33,034 - INFO - [NIFTY50] yfinance fetched 1872 rows
2026-08-12 17:01:33,845 - INFO - [NIFTY50] Inserted 1872 candles
2026-08-12 17:01:35,855 - INFO - Cycle complete. README updated.
2026-08-12 17:16:00,765 - INFO - Starting fetch cycle
2026-08-12 17:16:01,738 - INFO - [NIFTY50] ETF volume merged from NIFTYBEES.NS
2026-08-12 17:16:01,740 - INFO - [NIFTY50] yfinance fetched 1875 rows
2026-08-12 17:16:02,546 - INFO - [NIFTY50] Inserted 1875 candles
2026-08-12 17:16:04,555 - INFO - Cycle complete. README updated.
2026-08-12 17:31:36,697 - INFO - Starting fetch cycle
2026-08-12 17:31:38,089 - INFO - [NIFTY50] ETF volume merged from NIFTYBEES.NS
2026-08-12 17:31:38,090 - INFO - [NIFTY50] yfinance fetched 1875 rows
2026-08-12 17:31:38,558 - INFO - [NIFTY50] Inserted 1875 candles
2026-08-12 17:31:40,565 - INFO - Cycle complete. README updated.
2026-08-12 17:45:56,974 - INFO - Starting fetch cycle
2026-08-12 17:45:57,474 - INFO - [NIFTY50] ETF volume merged from NIFTYBEES.NS
2026-08-12 17:45:57,475 - INFO - [NIFTY50] yfinance fetched 1875 rows
2026-08-12 17:45:58,065 - INFO - [NIFTY50] Inserted 1875 candles
2026-08-12 17:46:00,074 - INFO - Cycle complete. README updated.
2026-08-12 18:01:32,682 - INFO - Starting fetch cycle
2026-08-12 18:01:33,218 - INFO - [NIFTY50] ETF volume merged from NIFTYBEES.NS
2026-08-12 18:01:33,219 - INFO - [NIFTY50] yfinance fetched 1875 rows
2026-08-12 18:01:33,819 - INFO - [NIFTY50] Inserted 1875 candles
2026-08-12 18:01:35,828 - INFO - Cycle complete. README updated.
2026-08-12 18:15:56,074 - INFO - Starting fetch cycle
2026-08-12 18:15:56,524 - INFO - [NIFTY50] ETF volume merged from NIFTYBEES.NS
2026-08-12 18:15:56,526 - INFO - [NIFTY50] yfinance fetched 1875 rows
2026-08-12 18:15:57,117 - INFO - [NIFTY50] Inserted 1875 candles
2026-08-12 18:15:59,126 - INFO - Cycle complete. README updated.
2026-08-12 18:31:18,998 - INFO - Starting fetch cycle
2026-08-12 18:31:19,679 - INFO - [NIFTY50] ETF volume merged from NIFTYBEES.NS
2026-08-12 18:31:19,680 - INFO - [NIFTY50] yfinance fetched 1875 rows
2026-08-12 18:31:20,472 - INFO - [NIFTY50] Inserted 1875 candles
2026-08-12 18:31:22,480 - INFO - Cycle complete. README updated.
2026-08-12 18:45:59,246 - INFO - Starting fetch cycle
2026-08-12 18:45:59,809 - INFO - [NIFTY50] ETF volume merged from NIFTYBEES.NS
2026-08-12 18:45:59,811 - INFO - [NIFTY50] yfinance fetched 1872 rows
2026-08-12 18:46:00,613 - INFO - [NIFTY50] Inserted 1872 candles
2026-08-12 18:46:02,621 - INFO - Cycle complete. README updated.
2026-08-12 19:01:31,122 - INFO - Starting fetch cycle
2026-08-12 19:01:32,497 - INFO - [NIFTY50] ETF volume merged from NIFTYBEES.NS
2026-08-12 19:01:32,498 - INFO - [NIFTY50] yfinance fetched 1875 rows
2026-08-12 19:01:33,239 - INFO - [NIFTY50] Inserted 1875 candles
2026-08-12 19:01:35,248 - INFO - Cycle complete. README updated.
2026-08-12 19:15:58,055 - INFO - Starting fetch cycle
2026-08-12 19:15:58,741 - INFO - [NIFTY50] ETF volume merged from NIFTYBEES.NS
2026-08-12 19:15:58,742 - INFO - [NIFTY50] yfinance fetched 1875 rows
2026-08-12 19:15:59,343 - INFO - [NIFTY50] Inserted 1875 candles
2026-08-12 19:16:01,351 - INFO - Cycle complete. README updated.
2026-08-12 19:31:16,912 - INFO - Starting fetch cycle
2026-08-12 19:31:17,654 - INFO - [NIFTY50] ETF volume merged from NIFTYBEES.NS
2026-08-12 19:31:17,655 - INFO - [NIFTY50] yfinance fetched 1872 rows
2026-08-12 19:31:18,454 - INFO - [NIFTY50] Inserted 1872 candles
2026-08-12 19:31:20,462 - INFO - Cycle complete. README updated.
2026-08-12 19:45:58,844 - INFO - Starting fetch cycle
2026-08-12 19:45:59,842 - INFO - [NIFTY50] ETF volume merged from NIFTYBEES.NS
2026-08-12 19:45:59,843 - INFO - [NIFTY50] yfinance fetched 1872 rows
2026-08-12 19:46:00,320 - INFO - [NIFTY50] Inserted 1872 candles
2026-08-12 19:46:02,565 - INFO - Cycle complete. README updated.
2026-08-12 20:01:37,069 - INFO - Starting fetch cycle
2026-08-12 20:01:37,486 - INFO - [NIFTY50] ETF volume merged from NIFTYBEES.NS
2026-08-12 20:01:37,487 - INFO - [NIFTY50] yfinance fetched 1872 rows
2026-08-12 20:01:38,274 - INFO - [NIFTY50] Inserted 1872 candles
2026-08-12 20:01:40,282 - INFO - Cycle complete. README updated.
2026-08-12 20:16:01,391 - INFO - Starting fetch cycle
2026-08-12 20:16:02,817 - INFO - [NIFTY50] ETF volume merged from NIFTYBEES.NS
2026-08-12 20:16:02,818 - INFO - [NIFTY50] yfinance fetched 1875 rows
2026-08-12 20:16:03,484 - INFO - [NIFTY50] Inserted 1875 candles
2026-08-12 20:16:05,548 - INFO - Cycle complete. README updated.
2026-08-12 20:31:19,840 - INFO - Starting fetch cycle
2026-08-12 20:31:20,703 - INFO - [NIFTY50] ETF volume merged from NIFTYBEES.NS
2026-08-12 20:31:20,705 - INFO - [NIFTY50] yfinance fetched 1872 rows
2026-08-12 20:31:21,501 - INFO - [NIFTY50] Inserted 1872 candles
2026-08-12 20:31:23,509 - INFO - Cycle complete. README updated.
2026-08-12 20:46:02,041 - INFO - Starting fetch cycle
2026-08-12 20:46:02,625 - INFO - [NIFTY50] ETF volume merged from NIFTYBEES.NS
2026-08-12 20:46:02,627 - INFO - [NIFTY50] yfinance fetched 1872 rows
2026-08-12 20:46:03,439 - INFO - [NIFTY50] Inserted 1872 candles
2026-08-12 20:46:05,447 - INFO - Cycle complete. README updated.
2026-08-12 21:01:30,699 - INFO - Starting fetch cycle
2026-08-12 21:01:31,147 - INFO - [NIFTY50] ETF volume merged from NIFTYBEES.NS
2026-08-12 21:01:31,148 - INFO - [NIFTY50] yfinance fetched 1875 rows
2026-08-12 21:01:31,736 - INFO - [NIFTY50] Inserted 1875 candles
2026-08-12 21:01:33,744 - INFO - Cycle complete. README updated.
2026-08-12 21:16:03,539 - INFO - Starting fetch cycle
2026-08-12 21:16:04,496 - INFO - [NIFTY50] ETF volume merged from NIFTYBEES.NS
2026-08-12 21:16:04,497 - INFO - [NIFTY50] yfinance fetched 1875 rows
2026-08-12 21:16:05,292 - INFO - [NIFTY50] Inserted 1875 candles
2026-08-12 21:16:07,300 - INFO - Cycle complete. README updated.
2026-08-12 21:31:20,344 - INFO - Starting fetch cycle
2026-08-12 21:31:20,924 - INFO - [NIFTY50] ETF volume merged from NIFTYBEES.NS
2026-08-12 21:31:20,925 - INFO - [NIFTY50] yfinance fetched 1875 rows
2026-08-12 21:31:21,515 - INFO - [NIFTY50] Inserted 1875 candles
2026-08-12 21:31:23,523 - INFO - Cycle complete. README updated.
2026-08-12 21:46:02,289 - INFO - Starting fetch cycle
2026-08-12 21:46:02,825 - INFO - [NIFTY50] ETF volume merged from NIFTYBEES.NS
2026-08-12 21:46:02,826 - INFO - [NIFTY50] yfinance fetched 1875 rows
2026-08-12 21:46:03,416 - INFO - [NIFTY50] Inserted 1875 candles
2026-08-12 21:46:05,424 - INFO - Cycle complete. README updated.
2026-08-12 22:01:41,186 - INFO - Starting fetch cycle
2026-08-12 22:01:41,795 - INFO - [NIFTY50] ETF volume merged from NIFTYBEES.NS
2026-08-12 22:01:41,797 - INFO - [NIFTY50] yfinance fetched 1875 rows
2026-08-12 22:01:42,618 - INFO - [NIFTY50] Inserted 1875 candles
2026-08-12 22:01:44,627 - INFO - Cycle complete. README updated.
2026-08-12 22:16:04,780 - INFO - Starting fetch cycle
2026-08-12 22:16:05,848 - INFO - [NIFTY50] ETF volume merged from NIFTYBEES.NS
2026-08-12 22:16:05,850 - INFO - [NIFTY50] yfinance fetched 1875 rows
2026-08-12 22:16:06,555 - INFO - [NIFTY50] Inserted 1875 candles
2026-08-12 22:16:08,563 - INFO - Cycle complete. README updated.
2026-08-12 22:31:19,197 - INFO - Starting fetch cycle
2026-08-12 22:31:19,676 - INFO - [NIFTY50] ETF volume merged from NIFTYBEES.NS
2026-08-12 22:31:19,677 - INFO - [NIFTY50] yfinance fetched 1872 rows
2026-08-12 22:31:20,467 - INFO - [NIFTY50] Inserted 1872 candles
2026-08-12 22:31:22,475 - INFO - Cycle complete. README updated.
2026-08-12 22:46:01,332 - INFO - Starting fetch cycle
2026-08-12 22:46:01,770 - INFO - [NIFTY50] ETF volume merged from NIFTYBEES.NS
2026-08-12 22:46:01,771 - INFO - [NIFTY50] yfinance fetched 1872 rows
2026-08-12 22:46:02,595 - INFO - [NIFTY50] Inserted 1872 candles
2026-08-12 22:46:04,603 - INFO - Cycle complete. README updated.
2026-08-12 23:01:31,733 - INFO - Starting fetch cycle
2026-08-12 23:01:33,244 - INFO - [NIFTY50] ETF volume merged from NIFTYBEES.NS
2026-08-12 23:01:33,245 - INFO - [NIFTY50] yfinance fetched 1875 rows
2026-08-12 23:01:34,170 - INFO - [NIFTY50] Inserted 1875 candles
2026-08-12 23:01:36,262 - INFO - Cycle complete. README updated.
2026-08-12 23:15:58,649 - INFO - Starting fetch cycle
2026-08-12 23:15:59,565 - INFO - [NIFTY50] ETF volume merged from NIFTYBEES.NS
2026-08-12 23:15:59,566 - INFO - [NIFTY50] yfinance fetched 1872 rows
2026-08-12 23:16:00,350 - INFO - [NIFTY50] Inserted 1872 candles
2026-08-12 23:16:02,358 - INFO - Cycle complete. README updated.
2026-08-12 23:31:18,421 - INFO - Starting fetch cycle
2026-08-12 23:31:18,893 - INFO - [NIFTY50] ETF volume merged from NIFTYBEES.NS
2026-08-12 23:31:18,895 - INFO - [NIFTY50] yfinance fetched 1875 rows
2026-08-12 23:31:19,707 - INFO - [NIFTY50] Inserted 1875 candles
2026-08-12 23:31:21,715 - INFO - Cycle complete. README updated.
2026-08-12 23:45:56,927 - INFO - Starting fetch cycle
2026-08-12 23:45:57,487 - INFO - [NIFTY50] ETF volume merged from NIFTYBEES.NS
2026-08-12 23:45:57,489 - INFO - [NIFTY50] yfinance fetched 1875 rows
2026-08-12 23:45:58,079 - INFO - [NIFTY50] Inserted 1875 candles
2026-08-12 23:46:00,087 - INFO - Cycle complete. README updated.
2026-08-13 00:01:45,009 - INFO - Starting fetch cycle
2026-08-13 00:01:46,079 - INFO - [NIFTY50] ETF volume merged from NIFTYBEES.NS
2026-08-13 00:01:46,080 - INFO - [NIFTY50] yfinance fetched 1875 rows
2026-08-13 00:01:47,037 - INFO - [NIFTY50] Inserted 1875 candles
2026-08-13 00:01:49,120 - INFO - Cycle complete. README updated.
2026-08-13 00:15:55,568 - INFO - Starting fetch cycle
2026-08-13 00:15:56,082 - INFO - [NIFTY50] ETF volume merged from NIFTYBEES.NS
2026-08-13 00:15:56,083 - INFO - [NIFTY50] yfinance fetched 1875 rows
2026-08-13 00:15:56,674 - INFO - [NIFTY50] Inserted 1875 candles
2026-08-13 00:15:58,682 - INFO - Cycle complete. README updated.
2026-08-13 00:31:18,064 - INFO - Starting fetch cycle
2026-08-13 00:31:18,501 - INFO - [NIFTY50] ETF volume merged from NIFTYBEES.NS
2026-08-13 00:31:18,502 - INFO - [NIFTY50] yfinance fetched 1875 rows
2026-08-13 00:31:19,099 - INFO - [NIFTY50] Inserted 1875 candles
2026-08-13 00:31:21,107 - INFO - Cycle complete. README updated.
2026-08-13 00:45:58,368 - INFO - Starting fetch cycle
2026-08-13 00:45:58,890 - INFO - [NIFTY50] ETF volume merged from NIFTYBEES.NS
2026-08-13 00:45:58,892 - INFO - [NIFTY50] yfinance fetched 1875 rows
2026-08-13 00:45:59,487 - INFO - [NIFTY50] Inserted 1875 candles
2026-08-13 00:46:01,495 - INFO - Cycle complete. README updated.
2026-08-13 01:01:41,186 - INFO - Starting fetch cycle
2026-08-13 01:01:41,669 - INFO - [NIFTY50] ETF volume merged from NIFTYBEES.NS
2026-08-13 01:01:41,671 - INFO - [NIFTY50] yfinance fetched 1872 rows
2026-08-13 01:01:42,462 - INFO - [NIFTY50] Inserted 1872 candles
2026-08-13 01:01:44,471 - INFO - Cycle complete. README updated.
2026-08-13 01:15:59,071 - INFO - Starting fetch cycle
2026-08-13 01:16:00,134 - INFO - [NIFTY50] ETF volume merged from NIFTYBEES.NS
2026-08-13 01:16:00,135 - INFO - [NIFTY50] yfinance fetched 1875 rows
2026-08-13 01:16:00,969 - INFO - [NIFTY50] Inserted 1875 candles
2026-08-13 01:16:02,977 - INFO - Cycle complete. README updated.
2026-08-13 01:31:17,190 - INFO - Starting fetch cycle
2026-08-13 01:31:17,717 - INFO - [NIFTY50] ETF volume merged from NIFTYBEES.NS
2026-08-13 01:31:17,719 - INFO - [NIFTY50] yfinance fetched 1872 rows
2026-08-13 01:31:18,511 - INFO - [NIFTY50] Inserted 1872 candles
2026-08-13 01:31:20,518 - INFO - Cycle complete. README updated.
2026-08-13 01:46:00,637 - INFO - Starting fetch cycle
2026-08-13 01:46:01,267 - INFO - [NIFTY50] ETF volume merged from NIFTYBEES.NS
2026-08-13 01:46:01,269 - INFO - [NIFTY50] yfinance fetched 1872 rows
2026-08-13 01:46:02,077 - INFO - [NIFTY50] Inserted 1872 candles
2026-08-13 01:46:04,085 - INFO - Cycle complete. README updated.
2026-08-13 02:01:31,905 - INFO - Starting fetch cycle
2026-08-13 02:01:32,743 - INFO - [NIFTY50] ETF volume merged from NIFTYBEES.NS
2026-08-13 02:01:32,744 - INFO - [NIFTY50] yfinance fetched 1872 rows
2026-08-13 02:01:33,433 - INFO - [NIFTY50] Inserted 1872 candles
2026-08-13 02:01:35,441 - INFO - Cycle complete. README updated.
2026-08-13 02:16:01,551 - INFO - Starting fetch cycle
2026-08-13 02:16:02,631 - INFO - [NIFTY50] ETF volume merged from NIFTYBEES.NS
2026-08-13 02:16:02,632 - INFO - [NIFTY50] yfinance fetched 1875 rows
2026-08-13 02:16:03,428 - INFO - [NIFTY50] Inserted 1875 candles
2026-08-13 02:16:05,436 - INFO - Cycle complete. README updated.
2026-08-13 02:31:18,401 - INFO - Starting fetch cycle
2026-08-13 02:31:19,159 - INFO - [NIFTY50] ETF volume merged from NIFTYBEES.NS
2026-08-13 02:31:19,161 - INFO - [NIFTY50] yfinance fetched 1872 rows
2026-08-13 02:31:19,851 - INFO - [NIFTY50] Inserted 1872 candles
2026-08-13 02:31:21,859 - INFO - Cycle complete. README updated.
2026-08-13 02:46:01,031 - INFO - Starting fetch cycle
2026-08-13 02:46:01,637 - INFO - [NIFTY50] ETF volume merged from NIFTYBEES.NS
2026-08-13 02:46:01,639 - INFO - [NIFTY50] yfinance fetched 1872 rows
2026-08-13 02:46:02,441 - INFO - [NIFTY50] Inserted 1872 candles
2026-08-13 02:46:04,449 - INFO - Cycle complete. README updated.
2026-08-13 03:01:30,510 - INFO - Starting fetch cycle
2026-08-13 03:01:31,011 - INFO - [NIFTY50] ETF volume merged from NIFTYBEES.NS
2026-08-13 03:01:31,013 - INFO - [NIFTY50] yfinance fetched 1875 rows
2026-08-13 03:01:31,619 - INFO - [NIFTY50] Inserted 1875 candles
2026-08-13 03:01:33,627 - INFO - Cycle complete. README updated.
2026-08-13 03:16:01,834 - INFO - Starting fetch cycle
2026-08-13 03:16:03,147 - INFO - [NIFTY50] ETF volume merged from NIFTYBEES.NS
2026-08-13 03:16:03,149 - INFO - [NIFTY50] yfinance fetched 1872 rows
2026-08-13 03:16:03,847 - INFO - [NIFTY50] Inserted 1872 candles
2026-08-13 03:16:05,856 - INFO - Cycle complete. README updated.
2026-08-13 03:31:14,187 - INFO - Starting fetch cycle
2026-08-13 03:31:14,648 - INFO - [NIFTY50] ETF volume merged from NIFTYBEES.NS
2026-08-13 03:31:14,649 - INFO - [NIFTY50] yfinance fetched 1875 rows
2026-08-13 03:31:15,453 - INFO - [NIFTY50] Inserted 1875 candles
2026-08-13 03:31:17,461 - INFO - Cycle complete. README updated.
2026-08-13 03:46:04,258 - INFO - Starting fetch cycle
2026-08-13 03:46:04,768 - INFO - [NIFTY50] ETF volume merged from NIFTYBEES.NS
2026-08-13 03:46:04,769 - INFO - [NIFTY50] yfinance fetched 1502 rows
2026-08-13 03:46:05,436 - INFO - [NIFTY50] Inserted 1502 candles
2026-08-13 03:46:07,446 - INFO - Cycle complete. README updated.
2026-08-13 04:01:30,886 - INFO - Starting fetch cycle
2026-08-13 04:01:31,889 - INFO - [NIFTY50] ETF volume merged from NIFTYBEES.NS
2026-08-13 04:01:31,891 - INFO - [NIFTY50] yfinance fetched 1517 rows
2026-08-13 04:01:32,558 - INFO - [NIFTY50] Inserted 1517 candles
2026-08-13 04:01:34,567 - INFO - Cycle complete. README updated.
2026-08-13 04:15:57,086 - INFO - Starting fetch cycle
2026-08-13 04:15:57,634 - INFO - [NIFTY50] ETF volume merged from NIFTYBEES.NS
2026-08-13 04:15:57,635 - INFO - [NIFTY50] yfinance fetched 1531 rows
2026-08-13 04:15:58,123 - INFO - [NIFTY50] Inserted 1531 candles
2026-08-13 04:16:00,132 - INFO - Cycle complete. README updated.
2026-08-13 04:31:28,066 - INFO - Starting fetch cycle
2026-08-13 04:31:28,494 - INFO - [NIFTY50] ETF volume merged from NIFTYBEES.NS
2026-08-13 04:31:28,496 - INFO - [NIFTY50] yfinance fetched 1547 rows
2026-08-13 04:31:29,166 - INFO - [NIFTY50] Inserted 1547 candles
2026-08-13 04:31:31,175 - INFO - Cycle complete. README updated.
2026-08-13 04:45:56,445 - INFO - Starting fetch cycle
2026-08-13 04:45:57,493 - INFO - [NIFTY50] ETF volume merged from NIFTYBEES.NS
2026-08-13 04:45:57,494 - INFO - [NIFTY50] yfinance fetched 1561 rows
2026-08-13 04:45:58,076 - INFO - [NIFTY50] Inserted 1561 candles
2026-08-13 04:46:00,086 - INFO - Cycle complete. README updated.
2026-08-13 05:01:28,535 - INFO - Starting fetch cycle
2026-08-13 05:01:29,264 - INFO - [NIFTY50] ETF volume merged from NIFTYBEES.NS
2026-08-13 05:01:29,265 - INFO - [NIFTY50] yfinance fetched 1577 rows
2026-08-13 05:01:29,797 - INFO - [NIFTY50] Inserted 1577 candles
2026-08-13 05:01:31,806 - INFO - Cycle complete. README updated.
2026-08-13 05:15:57,084 - INFO - Starting fetch cycle
2026-08-13 05:15:57,751 - INFO - [NIFTY50] ETF volume merged from NIFTYBEES.NS
2026-08-13 05:15:57,752 - INFO - [NIFTY50] yfinance fetched 1591 rows
2026-08-13 05:15:58,435 - INFO - [NIFTY50] Inserted 1591 candles
2026-08-13 05:16:00,444 - INFO - Cycle complete. README updated.
2026-08-13 05:31:14,892 - INFO - Starting fetch cycle
2026-08-13 05:31:15,695 - INFO - [NIFTY50] ETF volume merged from NIFTYBEES.NS
2026-08-13 05:31:15,696 - INFO - [NIFTY50] yfinance fetched 1607 rows
2026-08-13 05:31:16,170 - INFO - [NIFTY50] Inserted 1607 candles
2026-08-13 05:31:18,178 - INFO - Cycle complete. README updated.
2026-08-13 05:45:55,495 - INFO - Starting fetch cycle
2026-08-13 05:45:56,016 - INFO - [NIFTY50] ETF volume merged from NIFTYBEES.NS
2026-08-13 05:45:56,018 - INFO - [NIFTY50] yfinance fetched 1621 rows
2026-08-13 05:45:56,532 - INFO - [NIFTY50] Inserted 1621 candles
2026-08-13 05:45:58,541 - INFO - Cycle complete. README updated.
2026-08-13 06:01:38,313 - INFO - Starting fetch cycle
2026-08-13 06:01:41,670 - INFO - [NIFTY50] ETF volume merged from NIFTYBEES.NS
2026-08-13 06:01:41,672 - INFO - [NIFTY50] yfinance fetched 1637 rows
2026-08-13 06:01:42,204 - INFO - [NIFTY50] Inserted 1637 candles
2026-08-13 06:01:44,212 - INFO - Cycle complete. README updated.
2026-08-13 06:15:57,956 - INFO - Starting fetch cycle
2026-08-13 06:15:58,463 - INFO - [NIFTY50] ETF volume merged from NIFTYBEES.NS
2026-08-13 06:15:58,464 - INFO - [NIFTY50] yfinance fetched 1651 rows
2026-08-13 06:15:59,007 - INFO - [NIFTY50] Inserted 1651 candles
2026-08-13 06:16:01,016 - INFO - Cycle complete. README updated.
2026-08-13 06:31:22,771 - INFO - Starting fetch cycle
2026-08-13 06:31:23,273 - INFO - [NIFTY50] ETF volume merged from NIFTYBEES.NS
2026-08-13 06:31:23,274 - INFO - [NIFTY50] yfinance fetched 1667 rows
2026-08-13 06:31:24,007 - INFO - [NIFTY50] Inserted 1667 candles
2026-08-13 06:31:26,017 - INFO - Cycle complete. README updated.
2026-08-13 06:46:02,459 - INFO - Starting fetch cycle
2026-08-13 06:46:03,428 - INFO - [NIFTY50] ETF volume merged from NIFTYBEES.NS
2026-08-13 06:46:03,429 - INFO - [NIFTY50] yfinance fetched 1682 rows
2026-08-13 06:46:03,965 - INFO - [NIFTY50] Inserted 1682 candles
2026-08-13 06:46:05,974 - INFO - Cycle complete. README updated.
2026-08-13 07:01:37,047 - INFO - Starting fetch cycle
2026-08-13 07:01:37,527 - INFO - [NIFTY50] ETF volume merged from NIFTYBEES.NS
2026-08-13 07:01:37,528 - INFO - [NIFTY50] yfinance fetched 1697 rows
2026-08-13 07:01:38,265 - INFO - [NIFTY50] Inserted 1697 candles
2026-08-13 07:01:40,274 - INFO - Cycle complete. README updated.
2026-08-13 07:16:00,878 - INFO - Starting fetch cycle
2026-08-13 07:16:01,793 - INFO - [NIFTY50] ETF volume merged from NIFTYBEES.NS
2026-08-13 07:16:01,794 - INFO - [NIFTY50] yfinance fetched 1711 rows
2026-08-13 07:16:02,535 - INFO - [NIFTY50] Inserted 1711 candles
2026-08-13 07:16:04,545 - INFO - Cycle complete. README updated.
2026-08-13 07:31:19,327 - INFO - Starting fetch cycle
2026-08-13 07:31:20,230 - INFO - [NIFTY50] ETF volume merged from NIFTYBEES.NS
2026-08-13 07:31:20,231 - INFO - [NIFTY50] yfinance fetched 1727 rows
2026-08-13 07:31:20,790 - INFO - [NIFTY50] Inserted 1727 candles
2026-08-13 07:31:22,797 - INFO - Cycle complete. README updated.
2026-08-13 07:46:01,538 - INFO - Starting fetch cycle
2026-08-13 07:46:01,971 - INFO - [NIFTY50] ETF volume merged from NIFTYBEES.NS
2026-08-13 07:46:01,973 - INFO - [NIFTY50] yfinance fetched 1742 rows
2026-08-13 07:46:02,718 - INFO - [NIFTY50] Inserted 1742 candles
2026-08-13 07:46:04,728 - INFO - Cycle complete. README updated.
2026-08-13 08:01:34,671 - INFO - Starting fetch cycle
2026-08-13 08:01:35,311 - INFO - [NIFTY50] ETF volume merged from NIFTYBEES.NS
2026-08-13 08:01:35,312 - INFO - [NIFTY50] yfinance fetched 1757 rows
2026-08-13 08:01:36,075 - INFO - [NIFTY50] Inserted 1757 candles
2026-08-13 08:01:38,084 - INFO - Cycle complete. README updated.
2026-08-13 08:05:10,877 - INFO - Starting fetch cycle
2026-08-13 08:05:11,281 - INFO - [NIFTY50] ETF volume merged from NIFTYBEES.NS
2026-08-13 08:05:11,283 - INFO - [NIFTY50] yfinance fetched 1761 rows
2026-08-13 08:05:12,026 - INFO - [NIFTY50] Inserted 1761 candles
2026-08-13 08:05:14,035 - INFO - Cycle complete. README updated.
2026-08-13 08:16:02,906 - INFO - Starting fetch cycle
2026-08-13 08:16:03,904 - INFO - [NIFTY50] ETF volume merged from NIFTYBEES.NS
2026-08-13 08:16:03,906 - INFO - [NIFTY50] yfinance fetched 1772 rows
2026-08-13 08:16:04,476 - INFO - [NIFTY50] Inserted 1772 candles
2026-08-13 08:16:06,485 - INFO - Cycle complete. README updated.
2026-08-13 08:31:19,111 - INFO - Starting fetch cycle
2026-08-13 08:31:19,714 - INFO - [NIFTY50] ETF volume merged from NIFTYBEES.NS
2026-08-13 08:31:19,715 - INFO - [NIFTY50] yfinance fetched 1787 rows
2026-08-13 08:31:20,207 - INFO - [NIFTY50] Inserted 1787 candles
2026-08-13 08:31:22,215 - INFO - Cycle complete. README updated.
2026-08-13 08:46:01,400 - INFO - Starting fetch cycle
2026-08-13 08:46:01,887 - INFO - [NIFTY50] ETF volume merged from NIFTYBEES.NS
2026-08-13 08:46:01,888 - INFO - [NIFTY50] yfinance fetched 1801 rows
2026-08-13 08:46:02,461 - INFO - [NIFTY50] Inserted 1801 candles
2026-08-13 08:46:04,470 - INFO - Cycle complete. README updated.
2026-08-13 09:01:27,853 - INFO - Starting fetch cycle
2026-08-13 09:01:28,380 - INFO - [NIFTY50] ETF volume merged from NIFTYBEES.NS
2026-08-13 09:01:28,381 - INFO - [NIFTY50] yfinance fetched 1817 rows
2026-08-13 09:01:28,957 - INFO - [NIFTY50] Inserted 1817 candles
2026-08-13 09:01:30,966 - INFO - Cycle complete. README updated.
2026-08-13 09:36:24,465 - INFO - Starting fetch cycle
2026-08-13 09:36:25,432 - INFO - [NIFTY50] ETF volume merged from NIFTYBEES.NS
2026-08-13 09:36:25,433 - INFO - [NIFTY50] yfinance fetched 1852 rows
2026-08-13 09:36:26,027 - INFO - [NIFTY50] Inserted 1852 candles
2026-08-13 09:36:28,036 - INFO - Cycle complete. README updated.
2026-08-13 10:02:07,707 - INFO - Starting fetch cycle
2026-08-13 10:02:08,128 - INFO - [NIFTY50] ETF volume merged from NIFTYBEES.NS
2026-08-13 10:02:08,130 - INFO - [NIFTY50] yfinance fetched 1875 rows
2026-08-13 10:02:08,916 - INFO - [NIFTY50] Inserted 1875 candles
2026-08-13 10:02:10,925 - INFO - Cycle complete. README updated.
2026-08-13 10:16:06,856 - INFO - Starting fetch cycle
2026-08-13 10:16:07,363 - INFO - [NIFTY50] ETF volume merged from NIFTYBEES.NS
2026-08-13 10:16:07,365 - INFO - [NIFTY50] yfinance fetched 1875 rows
2026-08-13 10:16:07,955 - INFO - [NIFTY50] Inserted 1875 candles
2026-08-13 10:16:09,964 - INFO - Cycle complete. README updated.
2026-08-13 10:31:14,499 - INFO - Starting fetch cycle
2026-08-13 10:31:14,980 - INFO - [NIFTY50] ETF volume merged from NIFTYBEES.NS
2026-08-13 10:31:14,982 - INFO - [NIFTY50] yfinance fetched 1875 rows
2026-08-13 10:31:15,577 - INFO - [NIFTY50] Inserted 1875 candles
2026-08-13 10:31:17,586 - INFO - Cycle complete. README updated.
2026-08-13 10:45:59,462 - INFO - Starting fetch cycle
2026-08-13 10:46:00,073 - INFO - [NIFTY50] ETF volume merged from NIFTYBEES.NS
2026-08-13 10:46:00,075 - INFO - [NIFTY50] yfinance fetched 1875 rows
2026-08-13 10:46:00,707 - INFO - [NIFTY50] Inserted 1875 candles
2026-08-13 10:46:02,716 - INFO - Cycle complete. README updated.
2026-08-13 11:01:35,602 - INFO - Starting fetch cycle
2026-08-13 11:01:36,204 - INFO - [NIFTY50] ETF volume merged from NIFTYBEES.NS
2026-08-13 11:01:36,206 - INFO - [NIFTY50] yfinance fetched 1875 rows
2026-08-13 11:01:37,010 - INFO - [NIFTY50] Inserted 1875 candles
2026-08-13 11:01:39,020 - INFO - Cycle complete. README updated.
2026-08-13 11:14:16,554 - INFO - Starting fetch cycle
2026-08-13 11:14:17,718 - INFO - [NIFTY50] ETF volume merged from NIFTYBEES.NS
2026-08-13 11:14:17,720 - INFO - [NIFTY50] yfinance fetched 1875 rows
2026-08-13 11:14:18,532 - INFO - [NIFTY50] Inserted 1875 candles
2026-08-13 11:14:20,541 - INFO - Cycle complete. README updated.
2026-08-13 11:16:06,513 - INFO - Starting fetch cycle
2026-08-13 11:16:07,133 - INFO - [NIFTY50] ETF volume merged from NIFTYBEES.NS
2026-08-13 11:16:07,135 - INFO - [NIFTY50] yfinance fetched 1875 rows
2026-08-13 11:16:07,942 - INFO - [NIFTY50] Inserted 1875 candles
2026-08-13 11:16:09,951 - INFO - Cycle complete. README updated.
2026-08-13 11:31:23,651 - INFO - Starting fetch cycle
2026-08-13 11:31:24,170 - INFO - [NIFTY50] ETF volume merged from NIFTYBEES.NS
2026-08-13 11:31:24,172 - INFO - [NIFTY50] yfinance fetched 1875 rows
2026-08-13 11:31:24,984 - INFO - [NIFTY50] Inserted 1875 candles
2026-08-13 11:31:26,994 - INFO - Cycle complete. README updated.
2026-08-13 11:46:02,587 - INFO - Starting fetch cycle
2026-08-13 11:46:03,111 - INFO - [NIFTY50] ETF volume merged from NIFTYBEES.NS
2026-08-13 11:46:03,113 - INFO - [NIFTY50] yfinance fetched 1875 rows
2026-08-13 11:46:03,956 - INFO - [NIFTY50] Inserted 1875 candles
2026-08-13 11:46:05,967 - INFO - Cycle complete. README updated.
2026-08-13 12:01:36,236 - INFO - Starting fetch cycle
2026-08-13 12:01:36,749 - INFO - [NIFTY50] ETF volume merged from NIFTYBEES.NS
2026-08-13 12:01:36,751 - INFO - [NIFTY50] yfinance fetched 1875 rows
2026-08-13 12:01:37,345 - INFO - [NIFTY50] Inserted 1875 candles
2026-08-13 12:01:39,354 - INFO - Cycle complete. README updated.
2026-08-13 12:16:03,456 - INFO - Starting fetch cycle
2026-08-13 12:16:04,402 - INFO - [NIFTY50] ETF volume merged from NIFTYBEES.NS
2026-08-13 12:16:04,404 - INFO - [NIFTY50] yfinance fetched 1875 rows
2026-08-13 12:16:05,231 - INFO - [NIFTY50] Inserted 1875 candles
2026-08-13 12:16:07,241 - INFO - Cycle complete. README updated.
2026-08-13 12:31:24,010 - INFO - Starting fetch cycle
2026-08-13 12:31:25,110 - INFO - [NIFTY50] ETF volume merged from NIFTYBEES.NS
2026-08-13 12:31:25,111 - INFO - [NIFTY50] yfinance fetched 1875 rows
2026-08-13 12:31:25,709 - INFO - [NIFTY50] Inserted 1875 candles
2026-08-13 12:31:27,718 - INFO - Cycle complete. README updated.
2026-08-13 12:46:01,684 - INFO - Starting fetch cycle
2026-08-13 12:46:02,246 - INFO - [NIFTY50] ETF volume merged from NIFTYBEES.NS
2026-08-13 12:46:02,247 - INFO - [NIFTY50] yfinance fetched 1875 rows
2026-08-13 12:46:03,060 - INFO - [NIFTY50] Inserted 1875 candles
2026-08-13 12:46:05,070 - INFO - Cycle complete. README updated.
2026-08-13 13:01:41,189 - INFO - Starting fetch cycle
2026-08-13 13:01:42,447 - INFO - [NIFTY50] ETF volume merged from NIFTYBEES.NS
2026-08-13 13:01:42,449 - INFO - [NIFTY50] yfinance fetched 1875 rows
2026-08-13 13:01:43,254 - INFO - [NIFTY50] Inserted 1875 candles
2026-08-13 13:01:45,264 - INFO - Cycle complete. README updated.
2026-08-13 13:16:12,452 - INFO - Starting fetch cycle
2026-08-13 13:16:13,010 - INFO - [NIFTY50] ETF volume merged from NIFTYBEES.NS
2026-08-13 13:16:13,011 - INFO - [NIFTY50] yfinance fetched 1875 rows
2026-08-13 13:16:13,610 - INFO - [NIFTY50] Inserted 1875 candles
2026-08-13 13:16:15,619 - INFO - Cycle complete. README updated.
2026-08-13 13:31:19,819 - INFO - Starting fetch cycle
2026-08-13 13:31:20,333 - INFO - [NIFTY50] ETF volume merged from NIFTYBEES.NS
2026-08-13 13:31:20,335 - INFO - [NIFTY50] yfinance fetched 1875 rows
2026-08-13 13:31:21,174 - INFO - [NIFTY50] Inserted 1875 candles
2026-08-13 13:31:23,184 - INFO - Cycle complete. README updated.
2026-08-13 13:45:59,042 - INFO - Starting fetch cycle
2026-08-13 13:45:59,697 - INFO - [NIFTY50] ETF volume merged from NIFTYBEES.NS
2026-08-13 13:45:59,698 - INFO - [NIFTY50] yfinance fetched 1875 rows
2026-08-13 13:46:00,715 - INFO - [NIFTY50] Inserted 1875 candles
2026-08-13 13:46:02,725 - INFO - Cycle complete. README updated.
2026-08-13 14:01:33,414 - INFO - Starting fetch cycle
2026-08-13 14:01:34,011 - INFO - [NIFTY50] ETF volume merged from NIFTYBEES.NS
2026-08-13 14:01:34,013 - INFO - [NIFTY50] yfinance fetched 1875 rows
2026-08-13 14:01:34,614 - INFO - [NIFTY50] Inserted 1875 candles
2026-08-13 14:01:36,623 - INFO - Cycle complete. README updated.
2026-08-13 14:16:05,227 - INFO - Starting fetch cycle
2026-08-13 14:16:05,825 - INFO - [NIFTY50] ETF volume merged from NIFTYBEES.NS
2026-08-13 14:16:05,827 - INFO - [NIFTY50] yfinance fetched 1875 rows
2026-08-13 14:16:06,515 - INFO - [NIFTY50] Inserted 1875 candles
2026-08-13 14:16:08,526 - INFO - Cycle complete. README updated.
2026-08-13 14:31:23,447 - INFO - Starting fetch cycle
2026-08-13 14:31:24,026 - INFO - [NIFTY50] ETF volume merged from NIFTYBEES.NS
2026-08-13 14:31:24,027 - INFO - [NIFTY50] yfinance fetched 1875 rows
2026-08-13 14:31:24,827 - INFO - [NIFTY50] Inserted 1875 candles
2026-08-13 14:31:26,837 - INFO - Cycle complete. README updated.
2026-08-13 14:46:01,106 - INFO - Starting fetch cycle
2026-08-13 14:46:01,776 - INFO - [NIFTY50] ETF volume merged from NIFTYBEES.NS
2026-08-13 14:46:01,777 - INFO - [NIFTY50] yfinance fetched 1875 rows
2026-08-13 14:46:02,377 - INFO - [NIFTY50] Inserted 1875 candles
2026-08-13 14:46:04,386 - INFO - Cycle complete. README updated.
2026-08-13 15:01:32,747 - INFO - Starting fetch cycle
2026-08-13 15:01:33,598 - INFO - [NIFTY50] ETF volume merged from NIFTYBEES.NS
2026-08-13 15:01:33,599 - INFO - [NIFTY50] yfinance fetched 1875 rows
2026-08-13 15:01:34,143 - INFO - [NIFTY50] Inserted 1875 candles
2026-08-13 15:01:36,151 - INFO - Cycle complete. README updated.
2026-08-13 15:16:08,018 - INFO - Starting fetch cycle
2026-08-13 15:16:08,850 - INFO - [NIFTY50] ETF volume merged from NIFTYBEES.NS
2026-08-13 15:16:08,851 - INFO - [NIFTY50] yfinance fetched 1875 rows
2026-08-13 15:16:09,649 - INFO - [NIFTY50] Inserted 1875 candles
2026-08-13 15:16:11,659 - INFO - Cycle complete. README updated.
2026-08-13 15:31:23,959 - INFO - Starting fetch cycle
2026-08-13 15:31:24,413 - INFO - [NIFTY50] ETF volume merged from NIFTYBEES.NS
2026-08-13 15:31:24,414 - INFO - [NIFTY50] yfinance fetched 1875 rows
2026-08-13 15:31:25,226 - INFO - [NIFTY50] Inserted 1875 candles
2026-08-13 15:31:27,236 - INFO - Cycle complete. README updated.
2026-08-13 15:46:01,875 - INFO - Starting fetch cycle
2026-08-13 15:46:03,411 - INFO - [NIFTY50] ETF volume merged from NIFTYBEES.NS
2026-08-13 15:46:03,413 - INFO - [NIFTY50] yfinance fetched 1875 rows
2026-08-13 15:46:04,188 - INFO - [NIFTY50] Inserted 1875 candles
2026-08-13 15:46:06,199 - INFO - Cycle complete. README updated.
2026-08-13 16:01:37,889 - INFO - Starting fetch cycle
2026-08-13 16:01:38,417 - INFO - [NIFTY50] ETF volume merged from NIFTYBEES.NS
2026-08-13 16:01:38,419 - INFO - [NIFTY50] yfinance fetched 1875 rows
2026-08-13 16:01:39,214 - INFO - [NIFTY50] Inserted 1875 candles
2026-08-13 16:01:41,224 - INFO - Cycle complete. README updated.
2026-08-13 16:16:10,327 - INFO - Starting fetch cycle
2026-08-13 16:16:10,854 - INFO - [NIFTY50] ETF volume merged from NIFTYBEES.NS
2026-08-13 16:16:10,855 - INFO - [NIFTY50] yfinance fetched 1875 rows
2026-08-13 16:16:11,675 - INFO - [NIFTY50] Inserted 1875 candles
2026-08-13 16:16:13,685 - INFO - Cycle complete. README updated.
2026-08-13 16:31:24,643 - INFO - Starting fetch cycle
2026-08-13 16:31:25,551 - INFO - [NIFTY50] ETF volume merged from NIFTYBEES.NS
2026-08-13 16:31:25,552 - INFO - [NIFTY50] yfinance fetched 1875 rows
2026-08-13 16:31:26,361 - INFO - [NIFTY50] Inserted 1875 candles
2026-08-13 16:31:28,371 - INFO - Cycle complete. README updated.
2026-08-13 16:46:05,606 - INFO - Starting fetch cycle
2026-08-13 16:46:06,755 - INFO - [NIFTY50] ETF volume merged from NIFTYBEES.NS
2026-08-13 16:46:06,756 - INFO - [NIFTY50] yfinance fetched 1875 rows
2026-08-13 16:46:07,559 - INFO - [NIFTY50] Inserted 1875 candles
2026-08-13 16:46:09,569 - INFO - Cycle complete. README updated.
2026-08-13 17:01:34,719 - INFO - Starting fetch cycle
2026-08-13 17:01:35,213 - INFO - [NIFTY50] ETF volume merged from NIFTYBEES.NS
2026-08-13 17:01:35,215 - INFO - [NIFTY50] yfinance fetched 1875 rows
2026-08-13 17:01:36,050 - INFO - [NIFTY50] Inserted 1875 candles
2026-08-13 17:01:38,060 - INFO - Cycle complete. README updated.
2026-08-13 17:16:06,140 - INFO - Starting fetch cycle
2026-08-13 17:16:07,254 - INFO - [NIFTY50] ETF volume merged from NIFTYBEES.NS
2026-08-13 17:16:07,255 - INFO - [NIFTY50] yfinance fetched 1875 rows
2026-08-13 17:16:07,802 - INFO - [NIFTY50] Inserted 1875 candles
2026-08-13 17:16:09,810 - INFO - Cycle complete. README updated.
2026-08-13 17:31:36,497 - INFO - Starting fetch cycle
2026-08-13 17:31:37,469 - INFO - [NIFTY50] ETF volume merged from NIFTYBEES.NS
2026-08-13 17:31:37,470 - INFO - [NIFTY50] yfinance fetched 1875 rows
2026-08-13 17:31:37,967 - INFO - [NIFTY50] Inserted 1875 candles
2026-08-13 17:31:39,975 - INFO - Cycle complete. README updated.
2026-08-13 17:46:02,491 - INFO - Starting fetch cycle
2026-08-13 17:46:03,391 - INFO - [NIFTY50] ETF volume merged from NIFTYBEES.NS
2026-08-13 17:46:03,392 - INFO - [NIFTY50] yfinance fetched 1875 rows
2026-08-13 17:46:03,981 - INFO - [NIFTY50] Inserted 1875 candles
2026-08-13 17:46:05,990 - INFO - Cycle complete. README updated.
2026-08-13 18:01:31,173 - INFO - Starting fetch cycle
2026-08-13 18:01:31,706 - INFO - [NIFTY50] ETF volume merged from NIFTYBEES.NS
2026-08-13 18:01:31,707 - INFO - [NIFTY50] yfinance fetched 1875 rows
2026-08-13 18:01:32,512 - INFO - [NIFTY50] Inserted 1875 candles
2026-08-13 18:01:34,522 - INFO - Cycle complete. README updated.
2026-08-13 18:16:00,932 - INFO - Starting fetch cycle
2026-08-13 18:16:01,516 - INFO - [NIFTY50] ETF volume merged from NIFTYBEES.NS
2026-08-13 18:16:01,518 - INFO - [NIFTY50] yfinance fetched 1875 rows
2026-08-13 18:16:02,313 - INFO - [NIFTY50] Inserted 1875 candles
2026-08-13 18:16:04,323 - INFO - Cycle complete. README updated.
2026-08-13 18:31:16,421 - INFO - Starting fetch cycle
2026-08-13 18:31:17,264 - INFO - [NIFTY50] ETF volume merged from NIFTYBEES.NS
2026-08-13 18:31:17,266 - INFO - [NIFTY50] yfinance fetched 1875 rows
2026-08-13 18:31:17,961 - INFO - [NIFTY50] Inserted 1875 candles
2026-08-13 18:31:19,970 - INFO - Cycle complete. README updated.
2026-08-13 18:46:03,342 - INFO - Starting fetch cycle
2026-08-13 18:46:03,902 - INFO - [NIFTY50] ETF volume merged from NIFTYBEES.NS
2026-08-13 18:46:03,903 - INFO - [NIFTY50] yfinance fetched 1875 rows
2026-08-13 18:46:04,528 - INFO - [NIFTY50] Inserted 1875 candles
2026-08-13 18:46:06,536 - INFO - Cycle complete. README updated.
2026-08-13 19:01:30,433 - INFO - Starting fetch cycle
2026-08-13 19:01:31,285 - INFO - [NIFTY50] ETF volume merged from NIFTYBEES.NS
2026-08-13 19:01:31,287 - INFO - [NIFTY50] yfinance fetched 1875 rows
2026-08-13 19:01:31,878 - INFO - [NIFTY50] Inserted 1875 candles
2026-08-13 19:01:33,886 - INFO - Cycle complete. README updated.
2026-08-13 19:15:59,726 - INFO - Starting fetch cycle
2026-08-13 19:16:00,483 - INFO - [NIFTY50] ETF volume merged from NIFTYBEES.NS
2026-08-13 19:16:00,484 - INFO - [NIFTY50] yfinance fetched 1875 rows
2026-08-13 19:16:00,975 - INFO - [NIFTY50] Inserted 1875 candles
2026-08-13 19:16:02,982 - INFO - Cycle complete. README updated.
2026-08-13 19:31:15,799 - INFO - Starting fetch cycle
2026-08-13 19:31:16,313 - INFO - [NIFTY50] ETF volume merged from NIFTYBEES.NS
2026-08-13 19:31:16,315 - INFO - [NIFTY50] yfinance fetched 1875 rows
2026-08-13 19:31:16,915 - INFO - [NIFTY50] Inserted 1875 candles
2026-08-13 19:31:18,923 - INFO - Cycle complete. README updated.
2026-08-13 19:45:56,596 - INFO - Starting fetch cycle
2026-08-13 19:45:57,501 - INFO - [NIFTY50] ETF volume merged from NIFTYBEES.NS
2026-08-13 19:45:57,503 - INFO - [NIFTY50] yfinance fetched 1875 rows
2026-08-13 19:45:58,042 - INFO - [NIFTY50] Inserted 1875 candles
2026-08-13 19:46:00,049 - INFO - Cycle complete. README updated.
2026-08-13 20:01:30,954 - INFO - Starting fetch cycle
2026-08-13 20:01:31,460 - INFO - [NIFTY50] ETF volume merged from NIFTYBEES.NS
2026-08-13 20:01:31,461 - INFO - [NIFTY50] yfinance fetched 1875 rows
2026-08-13 20:01:32,266 - INFO - [NIFTY50] Inserted 1875 candles
2026-08-13 20:01:34,275 - INFO - Cycle complete. README updated.
2026-08-13 20:15:57,281 - INFO - Starting fetch cycle
2026-08-13 20:15:57,749 - INFO - [NIFTY50] ETF volume merged from NIFTYBEES.NS
2026-08-13 20:15:57,751 - INFO - [NIFTY50] yfinance fetched 1875 rows
2026-08-13 20:15:58,549 - INFO - [NIFTY50] Inserted 1875 candles
2026-08-13 20:16:00,558 - INFO - Cycle complete. README updated.
2026-08-13 20:31:13,896 - INFO - Starting fetch cycle
2026-08-13 20:31:14,809 - INFO - [NIFTY50] ETF volume merged from NIFTYBEES.NS
2026-08-13 20:31:14,811 - INFO - [NIFTY50] yfinance fetched 1875 rows
2026-08-13 20:31:15,609 - INFO - [NIFTY50] Inserted 1875 candles
2026-08-13 20:31:17,617 - INFO - Cycle complete. README updated.
2026-08-13 20:45:56,197 - INFO - Starting fetch cycle
2026-08-13 20:45:56,728 - INFO - [NIFTY50] ETF volume merged from NIFTYBEES.NS
2026-08-13 20:45:56,729 - INFO - [NIFTY50] yfinance fetched 1875 rows
2026-08-13 20:45:57,515 - INFO - [NIFTY50] Inserted 1875 candles
2026-08-13 20:45:59,524 - INFO - Cycle complete. README updated.
2026-08-13 21:01:30,082 - INFO - Starting fetch cycle
2026-08-13 21:01:30,984 - INFO - [NIFTY50] ETF volume merged from NIFTYBEES.NS
2026-08-13 21:01:30,985 - INFO - [NIFTY50] yfinance fetched 1875 rows
2026-08-13 21:01:31,788 - INFO - [NIFTY50] Inserted 1875 candles
2026-08-13 21:01:33,796 - INFO - Cycle complete. README updated.
2026-08-13 21:16:04,085 - INFO - Starting fetch cycle
2026-08-13 21:16:04,956 - INFO - [NIFTY50] ETF volume merged from NIFTYBEES.NS
2026-08-13 21:16:04,958 - INFO - [NIFTY50] yfinance fetched 1875 rows
2026-08-13 21:16:05,776 - INFO - [NIFTY50] Inserted 1875 candles
2026-08-13 21:16:07,785 - INFO - Cycle complete. README updated.
2026-08-13 21:31:23,888 - INFO - Starting fetch cycle
2026-08-13 21:31:25,335 - INFO - [NIFTY50] ETF volume merged from NIFTYBEES.NS
2026-08-13 21:31:25,336 - INFO - [NIFTY50] yfinance fetched 1875 rows
2026-08-13 21:31:25,926 - INFO - [NIFTY50] Inserted 1875 candles
2026-08-13 21:31:27,933 - INFO - Cycle complete. README updated.
2026-08-13 21:45:55,992 - INFO - Starting fetch cycle
2026-08-13 21:45:56,783 - INFO - [NIFTY50] ETF volume merged from NIFTYBEES.NS
2026-08-13 21:45:56,784 - INFO - [NIFTY50] yfinance fetched 1875 rows
2026-08-13 21:45:57,387 - INFO - [NIFTY50] Inserted 1875 candles
2026-08-13 21:45:59,395 - INFO - Cycle complete. README updated.
2026-08-13 22:01:33,892 - INFO - Starting fetch cycle
2026-08-13 22:01:34,461 - INFO - [NIFTY50] ETF volume merged from NIFTYBEES.NS
2026-08-13 22:01:34,462 - INFO - [NIFTY50] yfinance fetched 1875 rows
2026-08-13 22:01:34,948 - INFO - [NIFTY50] Inserted 1875 candles
2026-08-13 22:01:36,955 - INFO - Cycle complete. README updated.
2026-08-13 22:16:00,742 - INFO - Starting fetch cycle
2026-08-13 22:16:01,957 - INFO - [NIFTY50] ETF volume merged from NIFTYBEES.NS
2026-08-13 22:16:01,958 - INFO - [NIFTY50] yfinance fetched 1875 rows
2026-08-13 22:16:02,764 - INFO - [NIFTY50] Inserted 1875 candles
2026-08-13 22:16:04,773 - INFO - Cycle complete. README updated.
2026-08-13 22:31:19,709 - INFO - Starting fetch cycle
2026-08-13 22:31:20,276 - INFO - [NIFTY50] ETF volume merged from NIFTYBEES.NS
2026-08-13 22:31:20,277 - INFO - [NIFTY50] yfinance fetched 1875 rows
2026-08-13 22:31:21,082 - INFO - [NIFTY50] Inserted 1875 candles
2026-08-13 22:31:23,091 - INFO - Cycle complete. README updated.
2026-08-13 22:46:13,989 - INFO - Starting fetch cycle
2026-08-13 22:46:15,756 - INFO - [NIFTY50] ETF volume merged from NIFTYBEES.NS
2026-08-13 22:46:15,757 - INFO - [NIFTY50] yfinance fetched 1875 rows
2026-08-13 22:46:16,290 - INFO - [NIFTY50] Inserted 1875 candles
2026-08-13 22:46:18,297 - INFO - Cycle complete. README updated.
2026-08-13 23:01:26,667 - INFO - Starting fetch cycle
2026-08-13 23:01:27,288 - INFO - [NIFTY50] ETF volume merged from NIFTYBEES.NS
2026-08-13 23:01:27,290 - INFO - [NIFTY50] yfinance fetched 1875 rows
2026-08-13 23:01:28,084 - INFO - [NIFTY50] Inserted 1875 candles
2026-08-13 23:01:30,092 - INFO - Cycle complete. README updated.
2026-08-13 23:15:56,934 - INFO - Starting fetch cycle
2026-08-13 23:15:57,381 - INFO - [NIFTY50] ETF volume merged from NIFTYBEES.NS
2026-08-13 23:15:57,382 - INFO - [NIFTY50] yfinance fetched 1875 rows
2026-08-13 23:15:57,978 - INFO - [NIFTY50] Inserted 1875 candles
2026-08-13 23:15:59,987 - INFO - Cycle complete. README updated.
2026-08-13 23:31:17,398 - INFO - Starting fetch cycle
2026-08-13 23:31:17,986 - INFO - [NIFTY50] ETF volume merged from NIFTYBEES.NS
2026-08-13 23:31:17,988 - INFO - [NIFTY50] yfinance fetched 1875 rows
2026-08-13 23:31:18,576 - INFO - [NIFTY50] Inserted 1875 candles
2026-08-13 23:31:20,584 - INFO - Cycle complete. README updated.
2026-08-13 23:45:57,528 - INFO - Starting fetch cycle
2026-08-13 23:45:58,843 - INFO - [NIFTY50] ETF volume merged from NIFTYBEES.NS
2026-08-13 23:45:58,844 - INFO - [NIFTY50] yfinance fetched 1875 rows
2026-08-13 23:45:59,868 - INFO - [NIFTY50] Inserted 1875 candles
2026-08-13 23:46:01,908 - INFO - Cycle complete. README updated.
2026-08-14 00:01:41,906 - INFO - Starting fetch cycle
2026-08-14 00:01:42,599 - INFO - [NIFTY50] ETF volume merged from NIFTYBEES.NS
2026-08-14 00:01:42,601 - INFO - [NIFTY50] yfinance fetched 1875 rows
2026-08-14 00:01:43,206 - INFO - [NIFTY50] Inserted 1875 candles
2026-08-14 00:01:45,215 - INFO - Cycle complete. README updated.
2026-08-14 00:16:01,440 - INFO - Starting fetch cycle
2026-08-14 00:16:02,387 - INFO - [NIFTY50] ETF volume merged from NIFTYBEES.NS
2026-08-14 00:16:02,388 - INFO - [NIFTY50] yfinance fetched 1875 rows
2026-08-14 00:16:03,017 - INFO - [NIFTY50] Inserted 1875 candles
2026-08-14 00:16:05,025 - INFO - Cycle complete. README updated.
2026-08-14 00:31:14,704 - INFO - Starting fetch cycle
2026-08-14 00:31:15,338 - INFO - [NIFTY50] ETF volume merged from NIFTYBEES.NS
2026-08-14 00:31:15,339 - INFO - [NIFTY50] yfinance fetched 1875 rows
2026-08-14 00:31:16,145 - INFO - [NIFTY50] Inserted 1875 candles
2026-08-14 00:31:18,154 - INFO - Cycle complete. README updated.
2026-08-14 00:45:59,711 - INFO - Starting fetch cycle
2026-08-14 00:46:00,204 - INFO - [NIFTY50] ETF volume merged from NIFTYBEES.NS
2026-08-14 00:46:00,205 - INFO - [NIFTY50] yfinance fetched 1875 rows
2026-08-14 00:46:00,993 - INFO - [NIFTY50] Inserted 1875 candles
2026-08-14 00:46:03,001 - INFO - Cycle complete. README updated.
2026-08-14 01:01:26,598 - INFO - Starting fetch cycle
2026-08-14 01:01:27,218 - INFO - [NIFTY50] ETF volume merged from NIFTYBEES.NS
2026-08-14 01:01:27,219 - INFO - [NIFTY50] yfinance fetched 1875 rows
2026-08-14 01:01:28,026 - INFO - [NIFTY50] Inserted 1875 candles
2026-08-14 01:01:30,035 - INFO - Cycle complete. README updated.
2026-08-14 01:15:56,824 - INFO - Starting fetch cycle
2026-08-14 01:15:57,670 - INFO - [NIFTY50] ETF volume merged from NIFTYBEES.NS
2026-08-14 01:15:57,671 - INFO - [NIFTY50] yfinance fetched 1875 rows
2026-08-14 01:15:58,164 - INFO - [NIFTY50] Inserted 1875 candles
2026-08-14 01:16:00,170 - INFO - Cycle complete. README updated.
2026-08-14 01:31:31,801 - INFO - Starting fetch cycle
2026-08-14 01:31:32,917 - INFO - [NIFTY50] ETF volume merged from NIFTYBEES.NS
2026-08-14 01:31:32,918 - INFO - [NIFTY50] yfinance fetched 1875 rows
2026-08-14 01:31:33,509 - INFO - [NIFTY50] Inserted 1875 candles
2026-08-14 01:31:35,517 - INFO - Cycle complete. README updated.
2026-08-14 01:46:01,820 - INFO - Starting fetch cycle
2026-08-14 01:46:02,285 - INFO - [NIFTY50] ETF volume merged from NIFTYBEES.NS
2026-08-14 01:46:02,286 - INFO - [NIFTY50] yfinance fetched 1875 rows
2026-08-14 01:46:03,106 - INFO - [NIFTY50] Inserted 1875 candles
2026-08-14 01:46:05,114 - INFO - Cycle complete. README updated.
2026-08-14 02:01:28,804 - INFO - Starting fetch cycle
2026-08-14 02:01:29,937 - INFO - [NIFTY50] ETF volume merged from NIFTYBEES.NS
2026-08-14 02:01:29,939 - INFO - [NIFTY50] yfinance fetched 1875 rows
2026-08-14 02:01:30,531 - INFO - [NIFTY50] Inserted 1875 candles
2026-08-14 02:01:32,539 - INFO - Cycle complete. README updated.
2026-08-14 02:15:58,303 - INFO - Starting fetch cycle
2026-08-14 02:15:59,620 - INFO - [NIFTY50] ETF volume merged from NIFTYBEES.NS
2026-08-14 02:15:59,622 - INFO - [NIFTY50] yfinance fetched 1875 rows
2026-08-14 02:16:00,158 - INFO - [NIFTY50] Inserted 1875 candles
2026-08-14 02:16:02,164 - INFO - Cycle complete. README updated.
2026-08-14 02:31:20,610 - INFO - Starting fetch cycle
2026-08-14 02:31:21,102 - INFO - [NIFTY50] ETF volume merged from NIFTYBEES.NS
2026-08-14 02:31:21,103 - INFO - [NIFTY50] yfinance fetched 1875 rows
2026-08-14 02:31:21,700 - INFO - [NIFTY50] Inserted 1875 candles
2026-08-14 02:31:23,709 - INFO - Cycle complete. README updated.
2026-08-14 02:45:55,443 - INFO - Starting fetch cycle
2026-08-14 02:45:55,581 - INFO - [NIFTY50] yfinance empty, falling back to TradingView
2026-08-14 02:45:56,044 - INFO - [NIFTY50] TV fetched 1875 rows
2026-08-14 02:45:56,811 - INFO - [NIFTY50] Inserted 192 candles
2026-08-14 02:45:58,819 - INFO - Cycle complete. README updated.
2026-08-14 03:01:30,202 - INFO - Starting fetch cycle
2026-08-14 03:01:30,737 - INFO - [NIFTY50] ETF volume merged from NIFTYBEES.NS
2026-08-14 03:01:30,739 - INFO - [NIFTY50] yfinance fetched 1875 rows
2026-08-14 03:01:31,538 - INFO - [NIFTY50] Inserted 1875 candles
2026-08-14 03:01:33,547 - INFO - Cycle complete. README updated.
2026-08-14 03:15:59,039 - INFO - Starting fetch cycle
2026-08-14 03:15:59,574 - INFO - [NIFTY50] ETF volume merged from NIFTYBEES.NS
2026-08-14 03:15:59,575 - INFO - [NIFTY50] yfinance fetched 1875 rows
2026-08-14 03:16:00,176 - INFO - [NIFTY50] Inserted 1875 candles
2026-08-14 03:16:02,227 - INFO - Cycle complete. README updated.
2026-08-14 03:31:24,956 - INFO - Starting fetch cycle
2026-08-14 03:31:25,457 - INFO - [NIFTY50] ETF volume merged from NIFTYBEES.NS
2026-08-14 03:31:25,459 - INFO - [NIFTY50] yfinance fetched 1875 rows
2026-08-14 03:31:26,252 - INFO - [NIFTY50] Inserted 1875 candles
2026-08-14 03:31:28,260 - INFO - Cycle complete. README updated.
2026-08-14 03:46:03,855 - INFO - Starting fetch cycle
2026-08-14 03:46:04,319 - INFO - [NIFTY50] ETF volume merged from NIFTYBEES.NS
2026-08-14 03:46:04,321 - INFO - [NIFTY50] yfinance fetched 1502 rows
2026-08-14 03:46:04,975 - INFO - [NIFTY50] Inserted 1502 candles
2026-08-14 03:46:06,986 - INFO - Cycle complete. README updated.
2026-08-14 04:01:30,024 - INFO - Starting fetch cycle
2026-08-14 04:01:30,456 - INFO - [NIFTY50] ETF volume merged from NIFTYBEES.NS
2026-08-14 04:01:30,457 - INFO - [NIFTY50] yfinance fetched 1517 rows
2026-08-14 04:01:31,113 - INFO - [NIFTY50] Inserted 1517 candles
2026-08-14 04:01:33,122 - INFO - Cycle complete. README updated.
2026-08-14 04:15:56,565 - INFO - Starting fetch cycle
2026-08-14 04:15:57,043 - INFO - [NIFTY50] ETF volume merged from NIFTYBEES.NS
2026-08-14 04:15:57,044 - INFO - [NIFTY50] yfinance fetched 1531 rows
2026-08-14 04:15:57,536 - INFO - [NIFTY50] Inserted 1531 candles
2026-08-14 04:15:59,545 - INFO - Cycle complete. README updated.
2026-08-14 04:31:17,957 - INFO - Starting fetch cycle
2026-08-14 04:31:18,412 - INFO - [NIFTY50] ETF volume merged from NIFTYBEES.NS
2026-08-14 04:31:18,414 - INFO - [NIFTY50] yfinance fetched 1547 rows
2026-08-14 04:31:19,080 - INFO - [NIFTY50] Inserted 1547 candles
2026-08-14 04:31:21,090 - INFO - Cycle complete. README updated.
2026-08-14 04:46:00,599 - INFO - Starting fetch cycle
2026-08-14 04:46:01,194 - INFO - [NIFTY50] ETF volume merged from NIFTYBEES.NS
2026-08-14 04:46:01,195 - INFO - [NIFTY50] yfinance fetched 1561 rows
2026-08-14 04:46:01,871 - INFO - [NIFTY50] Inserted 1561 candles
2026-08-14 04:46:03,880 - INFO - Cycle complete. README updated.
2026-08-14 05:01:29,965 - INFO - Starting fetch cycle
2026-08-14 05:01:30,470 - INFO - [NIFTY50] ETF volume merged from NIFTYBEES.NS
2026-08-14 05:01:30,471 - INFO - [NIFTY50] yfinance fetched 1577 rows
2026-08-14 05:01:30,871 - INFO - [NIFTY50] Inserted 1577 candles
2026-08-14 05:01:32,886 - INFO - Cycle complete. README updated.
2026-08-14 05:15:56,656 - INFO - Starting fetch cycle
2026-08-14 05:15:57,296 - INFO - [NIFTY50] ETF volume merged from NIFTYBEES.NS
2026-08-14 05:15:57,298 - INFO - [NIFTY50] yfinance fetched 1591 rows
2026-08-14 05:15:57,804 - INFO - [NIFTY50] Inserted 1591 candles
2026-08-14 05:15:59,813 - INFO - Cycle complete. README updated.
2026-08-14 05:31:24,987 - INFO - Starting fetch cycle
2026-08-14 05:31:27,499 - INFO - [NIFTY50] ETF volume merged from NIFTYBEES.NS
2026-08-14 05:31:27,500 - INFO - [NIFTY50] yfinance fetched 1607 rows
2026-08-14 05:31:28,472 - INFO - [NIFTY50] Inserted 1607 candles
2026-08-14 05:31:30,481 - INFO - Cycle complete. README updated.
2026-08-14 05:45:56,589 - INFO - Starting fetch cycle
2026-08-14 05:45:57,376 - INFO - [NIFTY50] ETF volume merged from NIFTYBEES.NS
2026-08-14 05:45:57,378 - INFO - [NIFTY50] yfinance fetched 1621 rows
2026-08-14 05:45:57,989 - INFO - [NIFTY50] Inserted 1621 candles
2026-08-14 05:45:59,999 - INFO - Cycle complete. README updated.
2026-08-14 06:01:34,638 - INFO - Starting fetch cycle
2026-08-14 06:01:35,588 - INFO - [NIFTY50] ETF volume merged from NIFTYBEES.NS
2026-08-14 06:01:35,589 - INFO - [NIFTY50] yfinance fetched 1637 rows
2026-08-14 06:01:36,349 - INFO - [NIFTY50] Inserted 1637 candles
2026-08-14 06:01:38,357 - INFO - Cycle complete. README updated.
2026-08-14 06:15:59,257 - INFO - Starting fetch cycle
2026-08-14 06:16:00,266 - INFO - [NIFTY50] ETF volume merged from NIFTYBEES.NS
2026-08-14 06:16:00,267 - INFO - [NIFTY50] yfinance fetched 1651 rows
2026-08-14 06:16:00,829 - INFO - [NIFTY50] Inserted 1651 candles
2026-08-14 06:16:02,837 - INFO - Cycle complete. README updated.
2026-08-14 06:31:16,086 - INFO - Starting fetch cycle
2026-08-14 06:31:16,875 - INFO - [NIFTY50] ETF volume merged from NIFTYBEES.NS
2026-08-14 06:31:16,876 - INFO - [NIFTY50] yfinance fetched 1667 rows
2026-08-14 06:31:17,589 - INFO - [NIFTY50] Inserted 1667 candles
2026-08-14 06:31:19,598 - INFO - Cycle complete. README updated.
2026-08-14 06:46:02,446 - INFO - Starting fetch cycle
2026-08-14 06:46:02,977 - INFO - [NIFTY50] ETF volume merged from NIFTYBEES.NS
2026-08-14 06:46:02,978 - INFO - [NIFTY50] yfinance fetched 1682 rows
2026-08-14 06:46:03,524 - INFO - [NIFTY50] Inserted 1682 candles
2026-08-14 06:46:05,533 - INFO - Cycle complete. README updated.
2026-08-14 07:01:33,889 - INFO - Starting fetch cycle
2026-08-14 07:01:34,401 - INFO - [NIFTY50] ETF volume merged from NIFTYBEES.NS
2026-08-14 07:01:34,402 - INFO - [NIFTY50] yfinance fetched 1697 rows
2026-08-14 07:01:34,950 - INFO - [NIFTY50] Inserted 1697 candles
2026-08-14 07:01:36,959 - INFO - Cycle complete. README updated.
2026-08-14 07:15:59,291 - INFO - Starting fetch cycle
2026-08-14 07:16:00,224 - INFO - [NIFTY50] ETF volume merged from NIFTYBEES.NS
2026-08-14 07:16:00,226 - INFO - [NIFTY50] yfinance fetched 1711 rows
2026-08-14 07:16:00,766 - INFO - [NIFTY50] Inserted 1711 candles
2026-08-14 07:16:02,775 - INFO - Cycle complete. README updated.
2026-08-14 07:31:13,898 - INFO - Starting fetch cycle
2026-08-14 07:31:15,374 - INFO - [NIFTY50] ETF volume merged from NIFTYBEES.NS
2026-08-14 07:31:15,375 - INFO - [NIFTY50] yfinance fetched 1727 rows
2026-08-14 07:31:16,063 - INFO - [NIFTY50] Inserted 1727 candles
2026-08-14 07:31:18,071 - INFO - Cycle complete. README updated.
2026-08-14 07:45:57,425 - INFO - Starting fetch cycle
2026-08-14 07:45:57,839 - INFO - [NIFTY50] ETF volume merged from NIFTYBEES.NS
2026-08-14 07:45:57,840 - INFO - [NIFTY50] yfinance fetched 1741 rows
2026-08-14 07:45:59,456 - INFO - [NIFTY50] Inserted 1741 candles
2026-08-14 07:46:01,465 - INFO - Cycle complete. README updated.
2026-08-14 08:16:02,963 - INFO - Starting fetch cycle
2026-08-14 08:16:03,401 - INFO - [NIFTY50] ETF volume merged from NIFTYBEES.NS
2026-08-14 08:16:03,403 - INFO - [NIFTY50] yfinance fetched 1772 rows
2026-08-14 08:16:04,141 - INFO - [NIFTY50] Inserted 1772 candles
2026-08-14 08:16:06,151 - INFO - Cycle complete. README updated.
2026-08-14 08:31:18,457 - INFO - Starting fetch cycle
2026-08-14 08:31:19,555 - INFO - [NIFTY50] ETF volume merged from NIFTYBEES.NS
2026-08-14 08:31:19,556 - INFO - [NIFTY50] yfinance fetched 1787 rows
2026-08-14 08:31:20,121 - INFO - [NIFTY50] Inserted 1787 candles
2026-08-14 08:31:22,130 - INFO - Cycle complete. README updated.
2026-08-14 08:45:57,932 - INFO - Starting fetch cycle
2026-08-14 08:45:59,025 - INFO - [NIFTY50] ETF volume merged from NIFTYBEES.NS
2026-08-14 08:45:59,026 - INFO - [NIFTY50] yfinance fetched 1801 rows
2026-08-14 08:45:59,695 - INFO - [NIFTY50] Inserted 1801 candles
2026-08-14 08:46:01,705 - INFO - Cycle complete. README updated.
2026-08-14 09:01:30,534 - INFO - Starting fetch cycle
2026-08-14 09:01:31,157 - INFO - [NIFTY50] ETF volume merged from NIFTYBEES.NS
2026-08-14 09:01:31,158 - INFO - [NIFTY50] yfinance fetched 1817 rows
2026-08-14 09:01:31,743 - INFO - [NIFTY50] Inserted 1817 candles
2026-08-14 09:01:33,752 - INFO - Cycle complete. README updated.
2026-08-14 10:01:48,413 - INFO - Starting fetch cycle
2026-08-14 10:01:48,958 - INFO - [NIFTY50] ETF volume merged from NIFTYBEES.NS
2026-08-14 10:01:48,959 - INFO - [NIFTY50] yfinance fetched 1875 rows
2026-08-14 10:01:49,765 - INFO - [NIFTY50] Inserted 1875 candles
2026-08-14 10:01:51,774 - INFO - Cycle complete. README updated.
2026-08-14 10:15:57,195 - INFO - Starting fetch cycle
2026-08-14 10:15:57,810 - INFO - [NIFTY50] ETF volume merged from NIFTYBEES.NS
2026-08-14 10:15:57,812 - INFO - [NIFTY50] yfinance fetched 1875 rows
2026-08-14 10:15:58,406 - INFO - [NIFTY50] Inserted 1875 candles
2026-08-14 10:16:00,416 - INFO - Cycle complete. README updated.
2026-08-14 10:31:16,676 - INFO - Starting fetch cycle
2026-08-14 10:31:17,179 - INFO - [NIFTY50] ETF volume merged from NIFTYBEES.NS
2026-08-14 10:31:17,181 - INFO - [NIFTY50] yfinance fetched 1875 rows
2026-08-14 10:31:17,978 - INFO - [NIFTY50] Inserted 1875 candles
2026-08-14 10:31:19,989 - INFO - Cycle complete. README updated.
2026-08-14 10:45:57,615 - INFO - Starting fetch cycle
2026-08-14 10:45:58,347 - INFO - [NIFTY50] ETF volume merged from NIFTYBEES.NS
2026-08-14 10:45:58,348 - INFO - [NIFTY50] yfinance fetched 1875 rows
2026-08-14 10:45:58,843 - INFO - [NIFTY50] Inserted 1875 candles
2026-08-14 10:46:00,851 - INFO - Cycle complete. README updated.
2026-08-14 11:01:31,499 - INFO - Starting fetch cycle
2026-08-14 11:01:32,270 - INFO - [NIFTY50] ETF volume merged from NIFTYBEES.NS
2026-08-14 11:01:32,272 - INFO - [NIFTY50] yfinance fetched 1875 rows
2026-08-14 11:01:33,081 - INFO - [NIFTY50] Inserted 1875 candles
2026-08-14 11:01:35,091 - INFO - Cycle complete. README updated.
2026-08-14 11:11:37,720 - INFO - Starting fetch cycle
2026-08-14 11:11:38,210 - INFO - [NIFTY50] ETF volume merged from NIFTYBEES.NS
2026-08-14 11:11:38,211 - INFO - [NIFTY50] yfinance fetched 1875 rows
2026-08-14 11:11:39,008 - INFO - [NIFTY50] Inserted 1875 candles
2026-08-14 11:11:41,018 - INFO - Cycle complete. README updated.
2026-08-14 11:16:00,073 - INFO - Starting fetch cycle
2026-08-14 11:16:00,586 - INFO - [NIFTY50] ETF volume merged from NIFTYBEES.NS
2026-08-14 11:16:00,588 - INFO - [NIFTY50] yfinance fetched 1875 rows
2026-08-14 11:16:01,397 - INFO - [NIFTY50] Inserted 1875 candles
2026-08-14 11:16:03,407 - INFO - Cycle complete. README updated.
2026-08-14 11:31:17,447 - INFO - Starting fetch cycle
2026-08-14 11:31:18,191 - INFO - [NIFTY50] ETF volume merged from NIFTYBEES.NS
2026-08-14 11:31:18,193 - INFO - [NIFTY50] yfinance fetched 1875 rows
2026-08-14 11:31:18,786 - INFO - [NIFTY50] Inserted 1875 candles
2026-08-14 11:31:20,796 - INFO - Cycle complete. README updated.
2026-08-14 11:46:00,690 - INFO - Starting fetch cycle
2026-08-14 11:46:01,157 - INFO - [NIFTY50] ETF volume merged from NIFTYBEES.NS
2026-08-14 11:46:01,158 - INFO - [NIFTY50] yfinance fetched 1875 rows
2026-08-14 11:46:01,746 - INFO - [NIFTY50] Inserted 1875 candles
2026-08-14 11:46:03,755 - INFO - Cycle complete. README updated.
2026-08-14 12:01:36,923 - INFO - Starting fetch cycle
2026-08-14 12:01:37,451 - INFO - [NIFTY50] ETF volume merged from NIFTYBEES.NS
2026-08-14 12:01:37,452 - INFO - [NIFTY50] yfinance fetched 1875 rows
2026-08-14 12:01:38,059 - INFO - [NIFTY50] Inserted 1875 candles
2026-08-14 12:01:40,069 - INFO - Cycle complete. README updated.
2026-08-14 12:16:00,360 - INFO - Starting fetch cycle
2026-08-14 12:16:00,909 - INFO - [NIFTY50] ETF volume merged from NIFTYBEES.NS
2026-08-14 12:16:00,911 - INFO - [NIFTY50] yfinance fetched 1875 rows
2026-08-14 12:16:01,717 - INFO - [NIFTY50] Inserted 1875 candles
2026-08-14 12:16:03,726 - INFO - Cycle complete. README updated.
2026-08-14 12:31:21,440 - INFO - Starting fetch cycle
2026-08-14 12:31:21,858 - INFO - [NIFTY50] ETF volume merged from NIFTYBEES.NS
2026-08-14 12:31:21,859 - INFO - [NIFTY50] yfinance fetched 1875 rows
2026-08-14 12:31:22,654 - INFO - [NIFTY50] Inserted 1875 candles
2026-08-14 12:31:24,698 - INFO - Cycle complete. README updated.
2026-08-14 12:46:08,280 - INFO - Starting fetch cycle
2026-08-14 12:46:09,192 - INFO - [NIFTY50] ETF volume merged from NIFTYBEES.NS
2026-08-14 12:46:09,193 - INFO - [NIFTY50] yfinance fetched 1875 rows
2026-08-14 12:46:10,198 - INFO - [NIFTY50] Inserted 1875 candles
2026-08-14 12:46:12,210 - INFO - Cycle complete. README updated.
2026-08-14 13:01:34,801 - INFO - Starting fetch cycle
2026-08-14 13:01:35,762 - INFO - [NIFTY50] ETF volume merged from NIFTYBEES.NS
2026-08-14 13:01:35,764 - INFO - [NIFTY50] yfinance fetched 1875 rows
2026-08-14 13:01:36,362 - INFO - [NIFTY50] Inserted 1875 candles
2026-08-14 13:01:38,371 - INFO - Cycle complete. README updated.
2026-08-14 13:16:02,318 - INFO - Starting fetch cycle
2026-08-14 13:16:02,947 - INFO - [NIFTY50] ETF volume merged from NIFTYBEES.NS
2026-08-14 13:16:02,948 - INFO - [NIFTY50] yfinance fetched 1875 rows
2026-08-14 13:16:03,542 - INFO - [NIFTY50] Inserted 1875 candles
2026-08-14 13:16:05,552 - INFO - Cycle complete. README updated.
2026-08-14 13:31:22,112 - INFO - Starting fetch cycle
2026-08-14 13:31:22,707 - INFO - [NIFTY50] ETF volume merged from NIFTYBEES.NS
2026-08-14 13:31:22,708 - INFO - [NIFTY50] yfinance fetched 1875 rows
2026-08-14 13:31:23,311 - INFO - [NIFTY50] Inserted 1875 candles
2026-08-14 13:31:25,321 - INFO - Cycle complete. README updated.
2026-08-14 13:46:01,896 - INFO - Starting fetch cycle
2026-08-14 13:46:02,454 - INFO - [NIFTY50] ETF volume merged from NIFTYBEES.NS
2026-08-14 13:46:02,455 - INFO - [NIFTY50] yfinance fetched 1875 rows
2026-08-14 13:46:03,151 - INFO - [NIFTY50] Inserted 1875 candles
2026-08-14 13:46:05,177 - INFO - Cycle complete. README updated.
2026-08-14 14:01:33,211 - INFO - Starting fetch cycle
2026-08-14 14:01:33,712 - INFO - [NIFTY50] ETF volume merged from NIFTYBEES.NS
2026-08-14 14:01:33,714 - INFO - [NIFTY50] yfinance fetched 1875 rows
2026-08-14 14:01:34,506 - INFO - [NIFTY50] Inserted 1875 candles
2026-08-14 14:01:36,516 - INFO - Cycle complete. README updated.
2026-08-14 14:16:03,093 - INFO - Starting fetch cycle
2026-08-14 14:16:03,643 - INFO - [NIFTY50] ETF volume merged from NIFTYBEES.NS
2026-08-14 14:16:03,645 - INFO - [NIFTY50] yfinance fetched 1875 rows
2026-08-14 14:16:04,243 - INFO - [NIFTY50] Inserted 1875 candles
2026-08-14 14:16:06,253 - INFO - Cycle complete. README updated.
2026-08-14 14:31:20,647 - INFO - Starting fetch cycle
2026-08-14 14:31:21,110 - INFO - [NIFTY50] ETF volume merged from NIFTYBEES.NS
2026-08-14 14:31:21,112 - INFO - [NIFTY50] yfinance fetched 1875 rows
2026-08-14 14:31:21,903 - INFO - [NIFTY50] Inserted 1875 candles
2026-08-14 14:31:23,913 - INFO - Cycle complete. README updated.
2026-08-14 14:46:03,071 - INFO - Starting fetch cycle
2026-08-14 14:46:04,038 - INFO - [NIFTY50] ETF volume merged from NIFTYBEES.NS
2026-08-14 14:46:04,040 - INFO - [NIFTY50] yfinance fetched 1875 rows
2026-08-14 14:46:04,614 - INFO - [NIFTY50] Inserted 1875 candles
2026-08-14 14:46:06,622 - INFO - Cycle complete. README updated.
2026-08-14 15:01:34,652 - INFO - Starting fetch cycle
2026-08-14 15:01:35,245 - INFO - [NIFTY50] ETF volume merged from NIFTYBEES.NS
2026-08-14 15:01:35,247 - INFO - [NIFTY50] yfinance fetched 1875 rows
2026-08-14 15:01:36,052 - INFO - [NIFTY50] Inserted 1875 candles
2026-08-14 15:01:38,062 - INFO - Cycle complete. README updated.
2026-08-14 15:16:00,141 - INFO - Starting fetch cycle
2026-08-14 15:16:00,689 - INFO - [NIFTY50] ETF volume merged from NIFTYBEES.NS
2026-08-14 15:16:00,691 - INFO - [NIFTY50] yfinance fetched 1875 rows
2026-08-14 15:16:01,498 - INFO - [NIFTY50] Inserted 1875 candles
2026-08-14 15:16:03,508 - INFO - Cycle complete. README updated.
2026-08-14 15:31:18,710 - INFO - Starting fetch cycle
2026-08-14 15:31:19,248 - INFO - [NIFTY50] ETF volume merged from NIFTYBEES.NS
2026-08-14 15:31:19,250 - INFO - [NIFTY50] yfinance fetched 1875 rows
2026-08-14 15:31:19,909 - INFO - [NIFTY50] Inserted 1875 candles
2026-08-14 15:31:21,919 - INFO - Cycle complete. README updated.
2026-08-14 15:46:01,646 - INFO - Starting fetch cycle
2026-08-14 15:46:02,553 - INFO - [NIFTY50] ETF volume merged from NIFTYBEES.NS
2026-08-14 15:46:02,555 - INFO - [NIFTY50] yfinance fetched 1875 rows
2026-08-14 15:46:03,365 - INFO - [NIFTY50] Inserted 1875 candles
2026-08-14 15:46:05,375 - INFO - Cycle complete. README updated.
2026-08-14 16:01:27,725 - INFO - Starting fetch cycle
2026-08-14 16:01:29,077 - INFO - [NIFTY50] ETF volume merged from NIFTYBEES.NS
2026-08-14 16:01:29,078 - INFO - [NIFTY50] yfinance fetched 1875 rows
2026-08-14 16:01:29,675 - INFO - [NIFTY50] Inserted 1875 candles
2026-08-14 16:01:31,685 - INFO - Cycle complete. README updated.
2026-08-14 16:15:58,480 - INFO - Starting fetch cycle
2026-08-14 16:16:00,007 - INFO - [NIFTY50] ETF volume merged from NIFTYBEES.NS
2026-08-14 16:16:00,009 - INFO - [NIFTY50] yfinance fetched 1875 rows
2026-08-14 16:16:00,716 - INFO - [NIFTY50] Inserted 1875 candles
2026-08-14 16:16:02,727 - INFO - Cycle complete. README updated.
2026-08-14 16:31:15,482 - INFO - Starting fetch cycle
2026-08-14 16:31:15,974 - INFO - [NIFTY50] ETF volume merged from NIFTYBEES.NS
2026-08-14 16:31:15,975 - INFO - [NIFTY50] yfinance fetched 1875 rows
2026-08-14 16:31:16,566 - INFO - [NIFTY50] Inserted 1875 candles
2026-08-14 16:31:18,576 - INFO - Cycle complete. README updated.
2026-08-14 16:48:57,983 - INFO - Starting fetch cycle
2026-08-14 16:48:58,776 - INFO - [NIFTY50] ETF volume merged from NIFTYBEES.NS
2026-08-14 16:48:58,778 - INFO - [NIFTY50] yfinance fetched 1875 rows
2026-08-14 16:48:59,388 - INFO - [NIFTY50] Inserted 1875 candles
2026-08-14 16:49:01,398 - INFO - Cycle complete. README updated.
2026-08-14 17:01:30,973 - INFO - Starting fetch cycle
2026-08-14 17:01:32,006 - INFO - [NIFTY50] ETF volume merged from NIFTYBEES.NS
2026-08-14 17:01:32,008 - INFO - [NIFTY50] yfinance fetched 1875 rows
2026-08-14 17:01:32,551 - INFO - [NIFTY50] Inserted 1875 candles
2026-08-14 17:01:34,559 - INFO - Cycle complete. README updated.
2026-08-14 17:15:57,443 - INFO - Starting fetch cycle
2026-08-14 17:15:57,976 - INFO - [NIFTY50] ETF volume merged from NIFTYBEES.NS
2026-08-14 17:15:57,977 - INFO - [NIFTY50] yfinance fetched 1875 rows
2026-08-14 17:15:58,577 - INFO - [NIFTY50] Inserted 1875 candles
2026-08-14 17:16:00,587 - INFO - Cycle complete. README updated.
2026-08-14 17:31:22,227 - INFO - Starting fetch cycle
2026-08-14 17:31:23,188 - INFO - [NIFTY50] ETF volume merged from NIFTYBEES.NS
2026-08-14 17:31:23,190 - INFO - [NIFTY50] yfinance fetched 1875 rows
2026-08-14 17:31:23,982 - INFO - [NIFTY50] Inserted 1875 candles
2026-08-14 17:31:25,992 - INFO - Cycle complete. README updated.
2026-08-14 17:46:00,402 - INFO - Starting fetch cycle
2026-08-14 17:46:00,941 - INFO - [NIFTY50] ETF volume merged from NIFTYBEES.NS
2026-08-14 17:46:00,942 - INFO - [NIFTY50] yfinance fetched 1875 rows
2026-08-14 17:46:01,529 - INFO - [NIFTY50] Inserted 1875 candles
2026-08-14 17:46:03,538 - INFO - Cycle complete. README updated.
2026-08-14 18:01:32,396 - INFO - Starting fetch cycle
2026-08-14 18:01:33,014 - INFO - [NIFTY50] ETF volume merged from NIFTYBEES.NS
2026-08-14 18:01:33,015 - INFO - [NIFTY50] yfinance fetched 1875 rows
2026-08-14 18:01:33,603 - INFO - [NIFTY50] Inserted 1875 candles
2026-08-14 18:01:35,613 - INFO - Cycle complete. README updated.
2026-08-14 18:16:02,050 - INFO - Starting fetch cycle
2026-08-14 18:16:04,249 - INFO - [NIFTY50] ETF volume merged from NIFTYBEES.NS
2026-08-14 18:16:04,250 - INFO - [NIFTY50] yfinance fetched 1875 rows
2026-08-14 18:16:04,731 - INFO - [NIFTY50] Inserted 1875 candles
2026-08-14 18:16:06,739 - INFO - Cycle complete. README updated.
2026-08-14 18:31:24,160 - INFO - Starting fetch cycle
2026-08-14 18:31:25,063 - INFO - [NIFTY50] ETF volume merged from NIFTYBEES.NS
2026-08-14 18:31:25,064 - INFO - [NIFTY50] yfinance fetched 1875 rows
2026-08-14 18:31:25,826 - INFO - [NIFTY50] Inserted 1875 candles
2026-08-14 18:31:27,908 - INFO - Cycle complete. README updated.
2026-08-14 18:45:59,062 - INFO - Starting fetch cycle
2026-08-14 18:45:59,943 - INFO - [NIFTY50] ETF volume merged from NIFTYBEES.NS
2026-08-14 18:45:59,945 - INFO - [NIFTY50] yfinance fetched 1875 rows
2026-08-14 18:46:00,744 - INFO - [NIFTY50] Inserted 1875 candles
2026-08-14 18:46:02,753 - INFO - Cycle complete. README updated.
2026-08-14 19:01:27,290 - INFO - Starting fetch cycle
2026-08-14 19:01:28,606 - INFO - [NIFTY50] ETF volume merged from NIFTYBEES.NS
2026-08-14 19:01:28,607 - INFO - [NIFTY50] yfinance fetched 1875 rows
2026-08-14 19:01:29,863 - INFO - [NIFTY50] Inserted 1875 candles
2026-08-14 19:01:31,872 - INFO - Cycle complete. README updated.
2026-08-14 19:15:58,383 - INFO - Starting fetch cycle
2026-08-14 19:15:58,826 - INFO - [NIFTY50] ETF volume merged from NIFTYBEES.NS
2026-08-14 19:15:58,828 - INFO - [NIFTY50] yfinance fetched 1875 rows
2026-08-14 19:15:59,641 - INFO - [NIFTY50] Inserted 1875 candles
2026-08-14 19:16:01,649 - INFO - Cycle complete. README updated.
2026-08-14 19:31:17,521 - INFO - Starting fetch cycle
2026-08-14 19:31:18,041 - INFO - [NIFTY50] ETF volume merged from NIFTYBEES.NS
2026-08-14 19:31:18,043 - INFO - [NIFTY50] yfinance fetched 1875 rows
2026-08-14 19:31:18,854 - INFO - [NIFTY50] Inserted 1875 candles
2026-08-14 19:31:20,862 - INFO - Cycle complete. README updated.
2026-08-14 19:45:56,782 - INFO - Starting fetch cycle
2026-08-14 19:45:57,475 - INFO - [NIFTY50] ETF volume merged from NIFTYBEES.NS
2026-08-14 19:45:57,476 - INFO - [NIFTY50] yfinance fetched 1875 rows
2026-08-14 19:45:58,285 - INFO - [NIFTY50] Inserted 1875 candles
2026-08-14 19:46:00,294 - INFO - Cycle complete. README updated.
2026-08-14 20:01:33,491 - INFO - Starting fetch cycle
2026-08-14 20:01:34,174 - INFO - [NIFTY50] ETF volume merged from NIFTYBEES.NS
2026-08-14 20:01:34,175 - INFO - [NIFTY50] yfinance fetched 1875 rows
2026-08-14 20:01:34,993 - INFO - [NIFTY50] Inserted 1875 candles
2026-08-14 20:01:37,003 - INFO - Cycle complete. README updated.
2026-08-14 20:15:59,970 - INFO - Starting fetch cycle
2026-08-14 20:16:00,900 - INFO - [NIFTY50] ETF volume merged from NIFTYBEES.NS
2026-08-14 20:16:00,901 - INFO - [NIFTY50] yfinance fetched 1875 rows
2026-08-14 20:16:01,688 - INFO - [NIFTY50] Inserted 1875 candles
2026-08-14 20:16:03,695 - INFO - Cycle complete. README updated.
2026-08-14 20:31:24,771 - INFO - Starting fetch cycle
2026-08-14 20:31:25,259 - INFO - [NIFTY50] ETF volume merged from NIFTYBEES.NS
2026-08-14 20:31:25,260 - INFO - [NIFTY50] yfinance fetched 1875 rows
2026-08-14 20:31:26,047 - INFO - [NIFTY50] Inserted 1875 candles
2026-08-14 20:31:28,056 - INFO - Cycle complete. README updated.
2026-08-14 20:45:56,144 - INFO - Starting fetch cycle
2026-08-14 20:45:57,225 - INFO - [NIFTY50] ETF volume merged from NIFTYBEES.NS
2026-08-14 20:45:57,226 - INFO - [NIFTY50] yfinance fetched 1875 rows
2026-08-14 20:45:57,719 - INFO - [NIFTY50] Inserted 1875 candles
2026-08-14 20:45:59,725 - INFO - Cycle complete. README updated.
2026-08-14 21:01:36,049 - INFO - Starting fetch cycle
2026-08-14 21:01:36,794 - INFO - [NIFTY50] ETF volume merged from NIFTYBEES.NS
2026-08-14 21:01:36,795 - INFO - [NIFTY50] yfinance fetched 1875 rows
2026-08-14 21:01:37,406 - INFO - [NIFTY50] Inserted 1875 candles
2026-08-14 21:01:39,414 - INFO - Cycle complete. README updated.
2026-08-14 21:15:57,702 - INFO - Starting fetch cycle
2026-08-14 21:15:58,342 - INFO - [NIFTY50] ETF volume merged from NIFTYBEES.NS
2026-08-14 21:15:58,343 - INFO - [NIFTY50] yfinance fetched 1875 rows
2026-08-14 21:15:59,033 - INFO - [NIFTY50] Inserted 1875 candles
2026-08-14 21:16:01,043 - INFO - Cycle complete. README updated.
2026-08-14 21:31:23,322 - INFO - Starting fetch cycle
2026-08-14 21:31:24,763 - INFO - [NIFTY50] ETF volume merged from NIFTYBEES.NS
2026-08-14 21:31:24,765 - INFO - [NIFTY50] yfinance fetched 1875 rows
2026-08-14 21:31:25,336 - INFO - [NIFTY50] Inserted 1875 candles
2026-08-14 21:31:27,342 - INFO - Cycle complete. README updated.
2026-08-14 21:46:01,864 - INFO - Starting fetch cycle
2026-08-14 21:46:02,900 - INFO - [NIFTY50] ETF volume merged from NIFTYBEES.NS
2026-08-14 21:46:02,901 - INFO - [NIFTY50] yfinance fetched 1875 rows
2026-08-14 21:46:03,493 - INFO - [NIFTY50] Inserted 1875 candles
2026-08-14 21:46:05,501 - INFO - Cycle complete. README updated.
2026-08-14 22:01:39,885 - INFO - Starting fetch cycle
2026-08-14 22:01:40,364 - INFO - [NIFTY50] ETF volume merged from NIFTYBEES.NS
2026-08-14 22:01:40,366 - INFO - [NIFTY50] yfinance fetched 1875 rows
2026-08-14 22:01:41,168 - INFO - [NIFTY50] Inserted 1875 candles
2026-08-14 22:01:43,177 - INFO - Cycle complete. README updated.
2026-08-14 22:15:55,627 - INFO - Starting fetch cycle
2026-08-14 22:15:56,132 - INFO - [NIFTY50] ETF volume merged from NIFTYBEES.NS
2026-08-14 22:15:56,133 - INFO - [NIFTY50] yfinance fetched 1875 rows
2026-08-14 22:15:56,924 - INFO - [NIFTY50] Inserted 1875 candles
2026-08-14 22:15:58,932 - INFO - Cycle complete. README updated.
2026-08-14 22:31:21,267 - INFO - Starting fetch cycle
2026-08-14 22:31:21,984 - INFO - [NIFTY50] ETF volume merged from NIFTYBEES.NS
2026-08-14 22:31:21,985 - INFO - [NIFTY50] yfinance fetched 1875 rows
2026-08-14 22:31:22,517 - INFO - [NIFTY50] Inserted 1875 candles
2026-08-14 22:31:24,590 - INFO - Cycle complete. README updated.
2026-08-14 22:45:57,591 - INFO - Starting fetch cycle
2026-08-14 22:45:58,048 - INFO - [NIFTY50] ETF volume merged from NIFTYBEES.NS
2026-08-14 22:45:58,049 - INFO - [NIFTY50] yfinance fetched 1875 rows
2026-08-14 22:45:58,658 - INFO - [NIFTY50] Inserted 1875 candles
2026-08-14 22:46:00,666 - INFO - Cycle complete. README updated.
2026-08-14 23:01:31,347 - INFO - Starting fetch cycle
2026-08-14 23:01:32,279 - INFO - [NIFTY50] ETF volume merged from NIFTYBEES.NS
2026-08-14 23:01:32,280 - INFO - [NIFTY50] yfinance fetched 1875 rows
2026-08-14 23:01:32,755 - INFO - [NIFTY50] Inserted 1875 candles
2026-08-14 23:01:34,762 - INFO - Cycle complete. README updated.
2026-08-14 23:15:57,216 - INFO - Starting fetch cycle
2026-08-14 23:15:57,823 - INFO - [NIFTY50] ETF volume merged from NIFTYBEES.NS
2026-08-14 23:15:57,825 - INFO - [NIFTY50] yfinance fetched 1875 rows
2026-08-14 23:15:58,421 - INFO - [NIFTY50] Inserted 1875 candles
2026-08-14 23:16:00,429 - INFO - Cycle complete. README updated.
2026-08-14 23:31:17,797 - INFO - Starting fetch cycle
2026-08-14 23:31:18,312 - INFO - [NIFTY50] ETF volume merged from NIFTYBEES.NS
2026-08-14 23:31:18,313 - INFO - [NIFTY50] yfinance fetched 1875 rows
2026-08-14 23:31:18,915 - INFO - [NIFTY50] Inserted 1875 candles
2026-08-14 23:31:20,924 - INFO - Cycle complete. README updated.
2026-08-14 23:46:01,520 - INFO - Starting fetch cycle
2026-08-14 23:46:02,519 - INFO - [NIFTY50] ETF volume merged from NIFTYBEES.NS
2026-08-14 23:46:02,521 - INFO - [NIFTY50] yfinance fetched 1875 rows
2026-08-14 23:46:03,118 - INFO - [NIFTY50] Inserted 1875 candles
2026-08-14 23:46:05,127 - INFO - Cycle complete. README updated.
2026-08-15 00:01:32,350 - INFO - Starting fetch cycle
2026-08-15 00:01:33,729 - INFO - [NIFTY50] ETF volume merged from NIFTYBEES.NS
2026-08-15 00:01:33,730 - INFO - [NIFTY50] yfinance fetched 1875 rows
2026-08-15 00:01:34,432 - INFO - [NIFTY50] Inserted 1875 candles
2026-08-15 00:01:36,440 - INFO - Cycle complete. README updated.
2026-08-15 00:15:57,152 - INFO - Starting fetch cycle
2026-08-15 00:15:58,430 - INFO - [NIFTY50] ETF volume merged from NIFTYBEES.NS
2026-08-15 00:15:58,432 - INFO - [NIFTY50] yfinance fetched 1875 rows
2026-08-15 00:15:59,019 - INFO - [NIFTY50] Inserted 1875 candles
2026-08-15 00:16:01,027 - INFO - Cycle complete. README updated.
2026-08-15 00:31:31,857 - INFO - Starting fetch cycle
2026-08-15 00:31:32,597 - INFO - [NIFTY50] ETF volume merged from NIFTYBEES.NS
2026-08-15 00:31:32,599 - INFO - [NIFTY50] yfinance fetched 1875 rows
2026-08-15 00:31:33,194 - INFO - [NIFTY50] Inserted 1875 candles
2026-08-15 00:31:35,203 - INFO - Cycle complete. README updated.
2026-08-15 00:45:57,502 - INFO - Starting fetch cycle
2026-08-15 00:45:58,993 - INFO - [NIFTY50] ETF volume merged from NIFTYBEES.NS
2026-08-15 00:45:58,994 - INFO - [NIFTY50] yfinance fetched 1875 rows
2026-08-15 00:45:59,932 - INFO - [NIFTY50] Inserted 1875 candles
2026-08-15 00:46:01,937 - INFO - Cycle complete. README updated.
2026-08-15 01:01:28,846 - INFO - Starting fetch cycle
2026-08-15 01:01:29,481 - INFO - [NIFTY50] ETF volume merged from NIFTYBEES.NS
2026-08-15 01:01:29,482 - INFO - [NIFTY50] yfinance fetched 1875 rows
2026-08-15 01:01:30,289 - INFO - [NIFTY50] Inserted 1875 candles
2026-08-15 01:01:32,298 - INFO - Cycle complete. README updated.
2026-08-15 01:15:56,365 - INFO - Starting fetch cycle
2026-08-15 01:15:57,207 - INFO - [NIFTY50] ETF volume merged from NIFTYBEES.NS
2026-08-15 01:15:57,209 - INFO - [NIFTY50] yfinance fetched 1875 rows
2026-08-15 01:15:58,009 - INFO - [NIFTY50] Inserted 1875 candles
2026-08-15 01:16:00,018 - INFO - Cycle complete. README updated.
2026-08-15 01:31:12,414 - INFO - Starting fetch cycle
2026-08-15 01:31:12,911 - INFO - [NIFTY50] ETF volume merged from NIFTYBEES.NS
2026-08-15 01:31:12,912 - INFO - [NIFTY50] yfinance fetched 1875 rows
2026-08-15 01:31:13,504 - INFO - [NIFTY50] Inserted 1875 candles
2026-08-15 01:31:15,513 - INFO - Cycle complete. README updated.
2026-08-15 01:46:00,260 - INFO - Starting fetch cycle
2026-08-15 01:46:00,752 - INFO - [NIFTY50] ETF volume merged from NIFTYBEES.NS
2026-08-15 01:46:00,754 - INFO - [NIFTY50] yfinance fetched 1875 rows
2026-08-15 01:46:01,560 - INFO - [NIFTY50] Inserted 1875 candles
2026-08-15 01:46:03,569 - INFO - Cycle complete. README updated.
2026-08-15 02:01:30,068 - INFO - Starting fetch cycle
2026-08-15 02:01:30,929 - INFO - [NIFTY50] ETF volume merged from NIFTYBEES.NS
2026-08-15 02:01:30,931 - INFO - [NIFTY50] yfinance fetched 1875 rows
2026-08-15 02:01:31,524 - INFO - [NIFTY50] Inserted 1875 candles
2026-08-15 02:01:33,533 - INFO - Cycle complete. README updated.
2026-08-15 02:15:57,832 - INFO - Starting fetch cycle
2026-08-15 02:15:58,290 - INFO - [NIFTY50] ETF volume merged from NIFTYBEES.NS
2026-08-15 02:15:58,291 - INFO - [NIFTY50] yfinance fetched 1875 rows
2026-08-15 02:15:59,086 - INFO - [NIFTY50] Inserted 1875 candles
2026-08-15 02:16:01,095 - INFO - Cycle complete. README updated.
2026-08-15 02:32:50,645 - INFO - Starting fetch cycle
2026-08-15 02:32:51,276 - INFO - [NIFTY50] ETF volume merged from NIFTYBEES.NS
2026-08-15 02:32:51,277 - INFO - [NIFTY50] yfinance fetched 1875 rows
2026-08-15 02:32:52,091 - INFO - [NIFTY50] Inserted 1875 candles
2026-08-15 02:32:54,100 - INFO - Cycle complete. README updated.
2026-08-15 02:46:45,442 - INFO - Starting fetch cycle
2026-08-15 02:46:45,858 - INFO - [NIFTY50] ETF volume merged from NIFTYBEES.NS
2026-08-15 02:46:45,859 - INFO - [NIFTY50] yfinance fetched 1875 rows
2026-08-15 02:46:46,476 - INFO - [NIFTY50] Inserted 1875 candles
2026-08-15 02:46:48,484 - INFO - Cycle complete. README updated.
2026-08-15 03:01:38,826 - INFO - Starting fetch cycle
2026-08-15 03:01:39,318 - INFO - [NIFTY50] ETF volume merged from NIFTYBEES.NS
2026-08-15 03:01:39,320 - INFO - [NIFTY50] yfinance fetched 1875 rows
2026-08-15 03:01:40,123 - INFO - [NIFTY50] Inserted 1875 candles
2026-08-15 03:01:42,132 - INFO - Cycle complete. README updated.
2026-08-15 03:15:59,721 - INFO - Starting fetch cycle
2026-08-15 03:16:00,858 - INFO - [NIFTY50] ETF volume merged from NIFTYBEES.NS
2026-08-15 03:16:00,859 - INFO - [NIFTY50] yfinance fetched 1875 rows
2026-08-15 03:16:01,644 - INFO - [NIFTY50] Inserted 1875 candles
2026-08-15 03:16:03,652 - INFO - Cycle complete. README updated.
2026-08-15 03:32:52,490 - INFO - Starting fetch cycle
2026-08-15 03:32:53,513 - INFO - [NIFTY50] ETF volume merged from NIFTYBEES.NS
2026-08-15 03:32:53,514 - INFO - [NIFTY50] yfinance fetched 1875 rows
2026-08-15 03:32:54,062 - INFO - [NIFTY50] Inserted 1875 candles
2026-08-15 03:32:56,113 - INFO - Cycle complete. README updated.
2026-08-15 03:46:02,145 - INFO - Starting fetch cycle
2026-08-15 03:46:02,703 - INFO - [NIFTY50] ETF volume merged from NIFTYBEES.NS
2026-08-15 03:46:02,704 - INFO - [NIFTY50] yfinance fetched 1875 rows
2026-08-15 03:46:03,536 - INFO - [NIFTY50] Inserted 1875 candles
2026-08-15 03:46:05,546 - INFO - Cycle complete. README updated.
2026-08-15 04:02:11,679 - INFO - Starting fetch cycle
2026-08-15 04:02:12,961 - INFO - [NIFTY50] ETF volume merged from NIFTYBEES.NS
2026-08-15 04:02:12,963 - INFO - [NIFTY50] yfinance fetched 1875 rows
2026-08-15 04:02:13,754 - INFO - [NIFTY50] Inserted 1875 candles
2026-08-15 04:02:15,762 - INFO - Cycle complete. README updated.
2026-08-15 04:16:00,537 - INFO - Starting fetch cycle
2026-08-15 04:16:01,080 - INFO - [NIFTY50] ETF volume merged from NIFTYBEES.NS
2026-08-15 04:16:01,082 - INFO - [NIFTY50] yfinance fetched 1875 rows
2026-08-15 04:16:01,877 - INFO - [NIFTY50] Inserted 1875 candles
2026-08-15 04:16:03,886 - INFO - Cycle complete. README updated.
2026-08-15 04:31:18,106 - INFO - Starting fetch cycle
2026-08-15 04:31:18,525 - INFO - [NIFTY50] ETF volume merged from NIFTYBEES.NS
2026-08-15 04:31:18,526 - INFO - [NIFTY50] yfinance fetched 1875 rows
2026-08-15 04:31:19,323 - INFO - [NIFTY50] Inserted 1875 candles
2026-08-15 04:31:21,332 - INFO - Cycle complete. README updated.
2026-08-15 04:45:57,883 - INFO - Starting fetch cycle
2026-08-15 04:45:58,345 - INFO - [NIFTY50] ETF volume merged from NIFTYBEES.NS
2026-08-15 04:45:58,346 - INFO - [NIFTY50] yfinance fetched 1875 rows
2026-08-15 04:45:59,161 - INFO - [NIFTY50] Inserted 1875 candles
2026-08-15 04:46:01,170 - INFO - Cycle complete. README updated.
2026-08-15 05:01:29,733 - INFO - Starting fetch cycle
2026-08-15 05:01:30,570 - INFO - [NIFTY50] ETF volume merged from NIFTYBEES.NS
2026-08-15 05:01:30,571 - INFO - [NIFTY50] yfinance fetched 1875 rows
2026-08-15 05:01:31,059 - INFO - [NIFTY50] Inserted 1875 candles
2026-08-15 05:01:33,066 - INFO - Cycle complete. README updated.
2026-08-15 05:15:57,540 - INFO - Starting fetch cycle
2026-08-15 05:15:58,127 - INFO - [NIFTY50] ETF volume merged from NIFTYBEES.NS
2026-08-15 05:15:58,128 - INFO - [NIFTY50] yfinance fetched 1875 rows
2026-08-15 05:15:58,722 - INFO - [NIFTY50] Inserted 1875 candles
2026-08-15 05:16:00,730 - INFO - Cycle complete. README updated.
2026-08-15 05:31:16,358 - INFO - Starting fetch cycle
2026-08-15 05:31:17,314 - INFO - [NIFTY50] ETF volume merged from NIFTYBEES.NS
2026-08-15 05:31:17,315 - INFO - [NIFTY50] yfinance fetched 1875 rows
2026-08-15 05:31:17,863 - INFO - [NIFTY50] Inserted 1875 candles
2026-08-15 05:31:19,871 - INFO - Cycle complete. README updated.
2026-08-15 05:45:56,074 - INFO - Starting fetch cycle
2026-08-15 05:45:56,559 - INFO - [NIFTY50] ETF volume merged from NIFTYBEES.NS
2026-08-15 05:45:56,560 - INFO - [NIFTY50] yfinance fetched 1875 rows
2026-08-15 05:45:57,344 - INFO - [NIFTY50] Inserted 1875 candles
2026-08-15 05:45:59,352 - INFO - Cycle complete. README updated.
2026-08-15 06:01:34,032 - INFO - Starting fetch cycle
2026-08-15 06:01:34,924 - INFO - [NIFTY50] ETF volume merged from NIFTYBEES.NS
2026-08-15 06:01:34,925 - INFO - [NIFTY50] yfinance fetched 1875 rows
2026-08-15 06:01:35,712 - INFO - [NIFTY50] Inserted 1875 candles
2026-08-15 06:01:37,721 - INFO - Cycle complete. README updated.
2026-08-15 06:16:03,588 - INFO - Starting fetch cycle
2026-08-15 06:16:04,035 - INFO - [NIFTY50] ETF volume merged from NIFTYBEES.NS
2026-08-15 06:16:04,037 - INFO - [NIFTY50] yfinance fetched 1875 rows
2026-08-15 06:16:04,857 - INFO - [NIFTY50] Inserted 1875 candles
2026-08-15 06:16:06,866 - INFO - Cycle complete. README updated.
2026-08-15 06:31:18,672 - INFO - Starting fetch cycle
2026-08-15 06:31:20,304 - INFO - [NIFTY50] ETF volume merged from NIFTYBEES.NS
2026-08-15 06:31:20,306 - INFO - [NIFTY50] yfinance fetched 1875 rows
2026-08-15 06:31:20,918 - INFO - [NIFTY50] Inserted 1875 candles
2026-08-15 06:31:22,931 - INFO - Cycle complete. README updated.
2026-08-15 06:46:04,282 - INFO - Starting fetch cycle
2026-08-15 06:46:04,698 - INFO - [NIFTY50] ETF volume merged from NIFTYBEES.NS
2026-08-15 06:46:04,699 - INFO - [NIFTY50] yfinance fetched 1875 rows
2026-08-15 06:46:05,518 - INFO - [NIFTY50] Inserted 1875 candles
2026-08-15 06:46:07,530 - INFO - Cycle complete. README updated.
2026-08-15 07:01:30,188 - INFO - Starting fetch cycle
2026-08-15 07:01:30,704 - INFO - [NIFTY50] ETF volume merged from NIFTYBEES.NS
2026-08-15 07:01:30,705 - INFO - [NIFTY50] yfinance fetched 1875 rows
2026-08-15 07:01:31,298 - INFO - [NIFTY50] Inserted 1875 candles
2026-08-15 07:01:33,306 - INFO - Cycle complete. README updated.
2026-08-15 07:16:03,148 - INFO - Starting fetch cycle
2026-08-15 07:16:03,975 - INFO - [NIFTY50] ETF volume merged from NIFTYBEES.NS
2026-08-15 07:16:03,976 - INFO - [NIFTY50] yfinance fetched 1875 rows
2026-08-15 07:16:04,756 - INFO - [NIFTY50] Inserted 1875 candles
2026-08-15 07:16:06,765 - INFO - Cycle complete. README updated.
2026-08-15 07:31:27,515 - INFO - Starting fetch cycle
2026-08-15 07:31:28,600 - INFO - [NIFTY50] ETF volume merged from NIFTYBEES.NS
2026-08-15 07:31:28,602 - INFO - [NIFTY50] yfinance fetched 1875 rows
2026-08-15 07:31:29,193 - INFO - [NIFTY50] Inserted 1875 candles
2026-08-15 07:31:31,201 - INFO - Cycle complete. README updated.
2026-08-15 07:46:03,739 - INFO - Starting fetch cycle
2026-08-15 07:46:04,253 - INFO - [NIFTY50] ETF volume merged from NIFTYBEES.NS
2026-08-15 07:46:04,254 - INFO - [NIFTY50] yfinance fetched 1875 rows
2026-08-15 07:46:04,843 - INFO - [NIFTY50] Inserted 1875 candles
2026-08-15 07:46:06,852 - INFO - Cycle complete. README updated.
2026-08-15 08:01:33,933 - INFO - Starting fetch cycle
2026-08-15 08:01:34,365 - INFO - [NIFTY50] ETF volume merged from NIFTYBEES.NS
2026-08-15 08:01:34,367 - INFO - [NIFTY50] yfinance fetched 1875 rows
2026-08-15 08:01:34,959 - INFO - [NIFTY50] Inserted 1875 candles
2026-08-15 08:01:36,967 - INFO - Cycle complete. README updated.
2026-08-15 08:16:24,342 - INFO - Starting fetch cycle
2026-08-15 08:16:24,921 - INFO - [NIFTY50] ETF volume merged from NIFTYBEES.NS
2026-08-15 08:16:24,923 - INFO - [NIFTY50] yfinance fetched 1875 rows
2026-08-15 08:16:25,761 - INFO - [NIFTY50] Inserted 1875 candles
2026-08-15 08:16:27,770 - INFO - Cycle complete. README updated.
2026-08-15 08:32:24,523 - INFO - Starting fetch cycle
2026-08-15 08:32:25,075 - INFO - [NIFTY50] ETF volume merged from NIFTYBEES.NS
2026-08-15 08:32:25,077 - INFO - [NIFTY50] yfinance fetched 1875 rows
2026-08-15 08:32:25,891 - INFO - [NIFTY50] Inserted 1875 candles
2026-08-15 08:32:27,900 - INFO - Cycle complete. README updated.
2026-08-15 08:46:00,692 - INFO - Starting fetch cycle
2026-08-15 08:46:01,314 - INFO - [NIFTY50] ETF volume merged from NIFTYBEES.NS
2026-08-15 08:46:01,316 - INFO - [NIFTY50] yfinance fetched 1875 rows
2026-08-15 08:46:02,142 - INFO - [NIFTY50] Inserted 1875 candles
2026-08-15 08:46:04,151 - INFO - Cycle complete. README updated.
2026-08-15 09:02:25,190 - INFO - Starting fetch cycle
2026-08-15 09:02:25,794 - INFO - [NIFTY50] ETF volume merged from NIFTYBEES.NS
2026-08-15 09:02:25,796 - INFO - [NIFTY50] yfinance fetched 1875 rows
2026-08-15 09:02:26,588 - INFO - [NIFTY50] Inserted 1875 candles
2026-08-15 09:02:28,597 - INFO - Cycle complete. README updated.
2026-08-15 09:16:01,715 - INFO - Starting fetch cycle
2026-08-15 09:16:02,662 - INFO - [NIFTY50] ETF volume merged from NIFTYBEES.NS
2026-08-15 09:16:02,664 - INFO - [NIFTY50] yfinance fetched 1875 rows
2026-08-15 09:16:03,453 - INFO - [NIFTY50] Inserted 1875 candles
2026-08-15 09:16:05,462 - INFO - Cycle complete. README updated.
2026-08-15 09:31:14,922 - INFO - Starting fetch cycle
2026-08-15 09:31:15,987 - INFO - [NIFTY50] ETF volume merged from NIFTYBEES.NS
2026-08-15 09:31:15,988 - INFO - [NIFTY50] yfinance fetched 1875 rows
2026-08-15 09:31:16,510 - INFO - [NIFTY50] Inserted 1875 candles
2026-08-15 09:31:18,516 - INFO - Cycle complete. README updated.
2026-08-15 09:46:00,756 - INFO - Starting fetch cycle
2026-08-15 09:46:01,296 - INFO - [NIFTY50] ETF volume merged from NIFTYBEES.NS
2026-08-15 09:46:01,298 - INFO - [NIFTY50] yfinance fetched 1875 rows
2026-08-15 09:46:02,165 - INFO - [NIFTY50] Inserted 1875 candles
2026-08-15 09:46:04,174 - INFO - Cycle complete. README updated.
2026-08-17 10:01:33,795 - INFO - Starting fetch cycle
2026-08-17 10:01:34,929 - INFO - [NIFTY50] ETF volume merged from NIFTYBEES.NS
2026-08-17 10:01:34,931 - INFO - [NIFTY50] yfinance fetched 1875 rows
2026-08-17 10:01:35,523 - INFO - [NIFTY50] Inserted 1875 candles
2026-08-17 10:01:37,532 - INFO - Cycle complete. README updated.
2026-08-17 10:09:05,156 - INFO - Starting fetch cycle
2026-08-17 10:09:05,656 - INFO - [NIFTY50] ETF volume merged from NIFTYBEES.NS
2026-08-17 10:09:05,658 - INFO - [NIFTY50] yfinance fetched 1875 rows
2026-08-17 10:09:06,484 - INFO - [NIFTY50] Inserted 1875 candles
2026-08-17 10:09:08,494 - INFO - Cycle complete. README updated.
2026-08-17 10:10:44,099 - INFO - Starting fetch cycle
2026-08-17 10:10:45,451 - INFO - [NIFTY50] ETF volume merged from NIFTYBEES.NS
2026-08-17 10:10:45,452 - INFO - [NIFTY50] yfinance fetched 1875 rows
2026-08-17 10:10:46,347 - INFO - [NIFTY50] Inserted 1875 candles
2026-08-17 10:10:48,355 - INFO - Cycle complete. README updated.
2026-08-17 10:11:24,557 - INFO - Starting fetch cycle
2026-08-17 10:11:24,975 - INFO - [NIFTY50] ETF volume merged from NIFTYBEES.NS
2026-08-17 10:11:24,977 - INFO - [NIFTY50] yfinance fetched 1875 rows
2026-08-17 10:11:25,772 - INFO - [NIFTY50] Inserted 1875 candles
2026-08-17 10:11:27,782 - INFO - Cycle complete. README updated.
2026-08-17 10:12:28,996 - INFO - Starting fetch cycle
2026-08-17 10:12:29,584 - INFO - [NIFTY50] ETF volume merged from NIFTYBEES.NS
2026-08-17 10:12:29,586 - INFO - [NIFTY50] yfinance fetched 1875 rows
2026-08-17 10:12:30,397 - INFO - [NIFTY50] Inserted 1875 candles
2026-08-17 10:12:32,407 - INFO - Cycle complete. README updated.
2026-08-17 10:13:26,109 - INFO - Starting fetch cycle
2026-08-17 10:13:26,912 - INFO - [NIFTY50] ETF volume merged from NIFTYBEES.NS
2026-08-17 10:13:26,913 - INFO - [NIFTY50] yfinance fetched 1875 rows
2026-08-17 10:13:27,623 - INFO - [NIFTY50] Inserted 1875 candles
2026-08-17 10:13:29,633 - INFO - Cycle complete. README updated.
2026-08-17 10:14:26,863 - INFO - Starting fetch cycle
2026-08-17 10:14:28,064 - INFO - [NIFTY50] ETF volume merged from NIFTYBEES.NS
2026-08-17 10:14:28,065 - INFO - [NIFTY50] yfinance fetched 1875 rows
2026-08-17 10:14:28,849 - INFO - [NIFTY50] Inserted 1875 candles
2026-08-17 10:14:30,859 - INFO - Cycle complete. README updated.
2026-08-17 10:15:46,628 - INFO - Starting fetch cycle
2026-08-17 10:15:47,073 - INFO - [NIFTY50] ETF volume merged from NIFTYBEES.NS
2026-08-17 10:15:47,075 - INFO - [NIFTY50] yfinance fetched 1875 rows
2026-08-17 10:15:47,670 - INFO - [NIFTY50] Inserted 1875 candles
2026-08-17 10:15:49,679 - INFO - Cycle complete. README updated.
2026-08-17 10:16:31,701 - INFO - Starting fetch cycle
2026-08-17 10:16:32,660 - INFO - [NIFTY50] ETF volume merged from NIFTYBEES.NS
2026-08-17 10:16:32,661 - INFO - [NIFTY50] yfinance fetched 1875 rows
2026-08-17 10:16:33,261 - INFO - [NIFTY50] Inserted 1875 candles
2026-08-17 10:16:35,271 - INFO - Cycle complete. README updated.
2026-08-17 10:17:26,314 - INFO - Starting fetch cycle
2026-08-17 10:17:26,885 - INFO - [NIFTY50] ETF volume merged from NIFTYBEES.NS
2026-08-17 10:17:26,886 - INFO - [NIFTY50] yfinance fetched 1875 rows
2026-08-17 10:17:27,484 - INFO - [NIFTY50] Inserted 1875 candles
2026-08-17 10:17:29,494 - INFO - Cycle complete. README updated.
2026-08-17 10:18:29,006 - INFO - Starting fetch cycle
2026-08-17 10:18:29,497 - INFO - [NIFTY50] ETF volume merged from NIFTYBEES.NS
2026-08-17 10:18:29,498 - INFO - [NIFTY50] yfinance fetched 1875 rows
2026-08-17 10:18:30,322 - INFO - [NIFTY50] Inserted 1875 candles
2026-08-17 10:18:32,332 - INFO - Cycle complete. README updated.
2026-08-17 10:19:28,625 - INFO - Starting fetch cycle
2026-08-17 10:19:29,109 - INFO - [NIFTY50] ETF volume merged from NIFTYBEES.NS
2026-08-17 10:19:29,111 - INFO - [NIFTY50] yfinance fetched 1875 rows
2026-08-17 10:19:29,915 - INFO - [NIFTY50] Inserted 1875 candles
2026-08-17 10:19:31,925 - INFO - Cycle complete. README updated.
2026-08-17 10:20:43,814 - INFO - Starting fetch cycle
2026-08-17 10:20:44,832 - INFO - [NIFTY50] ETF volume merged from NIFTYBEES.NS
2026-08-17 10:20:44,833 - INFO - [NIFTY50] yfinance fetched 1875 rows
2026-08-17 10:20:45,306 - INFO - [NIFTY50] Inserted 1875 candles
2026-08-17 10:20:47,323 - INFO - Cycle complete. README updated.
2026-08-17 10:21:30,146 - INFO - Starting fetch cycle
2026-08-17 10:21:31,353 - INFO - [NIFTY50] ETF volume merged from NIFTYBEES.NS
2026-08-17 10:21:31,354 - INFO - [NIFTY50] yfinance fetched 1875 rows
2026-08-17 10:21:32,046 - INFO - [NIFTY50] Inserted 1875 candles
2026-08-17 10:21:34,056 - INFO - Cycle complete. README updated.
2026-08-17 10:22:28,711 - INFO - Starting fetch cycle
2026-08-17 10:22:29,895 - INFO - [NIFTY50] ETF volume merged from NIFTYBEES.NS
2026-08-17 10:22:29,896 - INFO - [NIFTY50] yfinance fetched 1875 rows
2026-08-17 10:22:30,634 - INFO - [NIFTY50] Inserted 1875 candles
2026-08-17 10:22:32,641 - INFO - Cycle complete. README updated.
2026-08-17 10:23:28,528 - INFO - Starting fetch cycle
2026-08-17 10:23:29,322 - INFO - [NIFTY50] ETF volume merged from NIFTYBEES.NS
2026-08-17 10:23:29,324 - INFO - [NIFTY50] yfinance fetched 1875 rows
2026-08-17 10:23:30,134 - INFO - [NIFTY50] Inserted 1875 candles
2026-08-17 10:23:32,144 - INFO - Cycle complete. README updated.
2026-08-17 10:24:29,995 - INFO - Starting fetch cycle
2026-08-17 10:24:31,087 - INFO - [NIFTY50] ETF volume merged from NIFTYBEES.NS
2026-08-17 10:24:31,089 - INFO - [NIFTY50] yfinance fetched 1875 rows
2026-08-17 10:24:31,674 - INFO - [NIFTY50] Inserted 1875 candles
2026-08-17 10:24:33,683 - INFO - Cycle complete. README updated.
2026-08-17 10:25:34,986 - INFO - Starting fetch cycle
2026-08-17 10:25:35,807 - INFO - [NIFTY50] ETF volume merged from NIFTYBEES.NS
2026-08-17 10:25:35,808 - INFO - [NIFTY50] yfinance fetched 1875 rows
2026-08-17 10:25:36,632 - INFO - [NIFTY50] Inserted 1875 candles
2026-08-17 10:25:38,642 - INFO - Cycle complete. README updated.
